商品ID,商品規格ID,親規格分類ID,規格分類ID,親規格分類名,規格分類名,メーカーID,メーカー名,商品名,表示ステータス(公開・非公開),メーカーURL(コメント1),コメント2,検索ワード(コメント3),コメント4,コメント5,コメント6,備考欄(SHOP専用),一覧-メインコメント,一覧-メイン画像,詳細-メインコメント,詳細-メイン画像,詳細-メイン拡大画像,詳細-サブタイトル(1),詳細-サブコメント(1),詳細-サブ画像(1),詳細-サブ拡大画像(1),詳細-サブタイトル(2),詳細-サブコメント(2),詳細-サブ画像(2),詳細-サブ拡大画像(2),詳細-サブタイトル(3),詳細-サブコメント(3),詳細-サブ画像(3),詳細-サブ拡大画像(3),詳細-サブタイトル(4),詳細-サブコメント(4),詳細-サブ画像(4),詳細-サブ拡大画像(4),詳細-サブタイトル(5),詳細-サブコメント(5),詳細-サブ画像(5),詳細-サブ拡大画像(5),発送日目安ID,削除フラグ,商品種別ID,商品コード,在庫数,在庫無制限フラグ,販売制限数,通常価格,販売価格,送料,ポイント付与率,ダウンロードファイル名,ダウンロード実ファイル,関連商品ID(1),関連商品コメント(1),関連商品ID(2),関連商品コメント(2),関連商品ID(3),関連商品コメント(3),関連商品ID(4),関連商品コメント(4),関連商品ID(5),関連商品コメント(5),関連商品ID(6),関連商品コメント(6),商品ステータス,商品ステータス名,カテゴリID,カテゴリ名
6,147,0,13,,8巻,,,日東NO720Aペイントエース 15ミリ×18m,1,,,,,,,,カラー/むらさき,08181114_59964d80ba38d.jpg,"【一般建築用】巻き戻しもスムーズで、直線がきれいに仕上がります。はがす時もほとんど切れません。",08181114_59964d87a9989.jpg,,単位,8巻,,,,,,,,,,,,,,,,,,,2,0,1,A - 3,2,0,,,370,,0,,,,,,,,,,,,,,,,,9,マスキングテープ・シーリングテープ
6,146,0,14,,80巻,,,日東NO720Aペイントエース 15ミリ×18m,1,,,,,,,,カラー/むらさき,08181114_59964d80ba38d.jpg,"【一般建築用】巻き戻しもスムーズで、直線がきれいに仕上がります。はがす時もほとんど切れません。",08181114_59964d87a9989.jpg,,単位,8巻,,,,,,,,,,,,,,,,,,,2,0,1,A - 4,2,0,,,3480,,0,,,,,,,,,,,,,,,,,9,マスキングテープ・シーリングテープ
22,370,0,29,,1箱,,,デンカ養生職人＃650 50ミリ×25m,1,,,,,,,,カラー/グリーン,A-27.jpg,ポリエチレンクロスで軽くて強力な粘着力手で簡単に切れ、作業性に優れている。,A-27.jpg,A-27.jpg,型式,養生職人,,,,,,,,,,,,,,,,,,,2,0,1,A - 27,,1,,,6900,,0,,,,,,,,,,,,,,,1,NEW,10,建築養生材
22,367,0,33,,1包,,,デンカ養生職人＃650 50ミリ×25m,1,,,,,,,,カラー/グリーン,A-27.jpg,ポリエチレンクロスで軽くて強力な粘着力手で簡単に切れ、作業性に優れている。,A-27.jpg,A-27.jpg,型式,養生職人,,,,,,,,,,,,,,,,,,,2,0,1,A - 27,,1,,,240,,0,,,,,,,,,,,,,,,1,NEW,10,建築養生材
153,461,0,0,,,,,ブルーシート軽量タイプ3.6×5.4,1,,,,,,,,ブルー,D-13.jpg,コメントなし,D-13.jpg,D-13.jpg,,,,,,,,,,,,,,,,,,,,,,0,1,D - 13,,1,,,580,,0,,,,,,,,,,,,,,,,,13,ポリシート・ブルーシート関連
41,217,0,0,,,,,ブルーシート軽量タイプ3.6×5.4,1,,,,,,,,ブルー,D-12.jpg,詳細なし,D-12.jpg,D-12.jpg,,,,,,,,,,,,,,,,,,,,,2,0,1,D - 12,,1,,,580,,0,,,,,,,,,,,,,,,,,13,ポリシート・ブルーシート関連
34,210,0,0,,,,,エアコン室外機カバー,1,,,,,,,,860×320×700,C-3.jpg,お客様の室外機を汚すことなく作業が可能繰り返し使用できて、経済的です。メッシュ素材でエアコン使用時も室外機に負担をかけません。,C-3.jpg,C-3.jpg,,,,,,,,,,,,,,,,,,,,,2,0,1,C - 3,,1,,,500,,0,,,,,,,,,,,,,,,2,残りわずか,12,建築現場養生カバー
152,460,0,0,,,,,ブルーシートロール軽量タイプ 1800×100M,1,,,,,,,,ブルー,,コメントなし,,,,,,,,,,,,,,,,,,,,,,,2,0,1,"D	-	12",,1,,,4000,,0,,,,,,,,,,,,,,,,,13,ポリシート・ブルーシート関連
33,209,0,0,,,,,不織布カーカバーワゴン車用　白,1,,,,,,,,4.8×7.5,C-2.jpg,建築現場やその他の工事現場での養生作業。車を野外に保管するときなど、ワンタッチでカバーがぢ来ます。又、繰り返し使用出来ます。,C-2.jpg,C-2.jpg,,,,,,,,,,,,,,,,,,,,,2,0,1,C - 2,,1,,,1600,,0,,,,,,,,,,,,,,,2,残りわずか,12,建築現場養生カバー
10,163,0,17,,6巻,,,日東NO720Aペイントエース 20ミリ×18m,1,,,,,,,,カラー/むらさき,08181114_59964d80ba38d.jpg,"【一般建築用】巻き戻しもスムーズで、直線がきれいに仕上がります。はがす時もほとんど切れません。",08181114_59964d87a9989.jpg,08181114_59964d8d8bf3c.jpg,単位,6巻,,,,,,,,,,,,,,,,,,,2,0,1,A - 7,4,0,,,370,,0,,,,,,,,,,,,,,,1,NEW,9,マスキングテープ・シーリングテープ
10,162,0,18,,60巻,,,日東NO720Aペイントエース 20ミリ×18m,1,,,,,,,,カラー/むらさき,08181114_59964d80ba38d.jpg,"【一般建築用】巻き戻しもスムーズで、直線がきれいに仕上がります。はがす時もほとんど切れません。",08181114_59964d87a9989.jpg,08181114_59964d8d8bf3c.jpg,単位,6巻,,,,,,,,,,,,,,,,,,,2,0,1,A - 8,4,0,,,3480,,0,,,,,,,,,,,,,,,1,NEW,9,マスキングテープ・シーリングテープ
12,171,0,19,,5包,,,日東NO720Aペイントエース 24ミリ×18m,1,,,,,,,,カラー/むらさき,08181114_59964d80ba38d.jpg,"【一般建築用】巻き戻しもスムーズで、直線がきれいに仕上がります。はがす時もほとんど切れません。",08181114_59964d87a9989.jpg,08181114_59964d8d8bf3c.jpg,単位,5包,,,,,,,,,,,,,,,,,,,2,0,1,A - 9,5,0,,,370,,0,,,,,,,,,,,,,,,1,NEW,9,マスキングテープ・シーリングテープ
12,170,0,20,,50巻,,,日東NO720Aペイントエース 24ミリ×18m,1,,,,,,,,カラー/むらさき,08181114_59964d80ba38d.jpg,"【一般建築用】巻き戻しもスムーズで、直線がきれいに仕上がります。はがす時もほとんど切れません。",08181114_59964d87a9989.jpg,08181114_59964d8d8bf3c.jpg,単位,5包,,,,,,,,,,,,,,,,,,,2,0,1,A - 10,5,0,,,3480,,0,,,,,,,,,,,,,,,1,NEW,9,マスキングテープ・シーリングテープ
4,189,0,11,,10巻,,,日東NO720Aペイントエース 12ミリ×18m,1,,,,,,,,カラー/むらさき,08181114_59964d80ba38d.jpg,"【一般建築用】巻き戻しもスムーズで、直線がきれいに仕上がります。はがす時もほとんど切れません。",08181114_59964d87a9989.jpg,08181114_59964d8d8bf3c.jpg,単位,10巻,,,,,,,,,,,,,,,,,,,2,0,1,A - 1,1,0,,,370,,0,,,,,,,,,,,,,,,1,NEW,9,マスキングテープ・シーリングテープ
4,188,0,12,,100巻,,,日東NO720Aペイントエース 12ミリ×18m,1,,,,,,,,カラー/むらさき,08181114_59964d80ba38d.jpg,"【一般建築用】巻き戻しもスムーズで、直線がきれいに仕上がります。はがす時もほとんど切れません。",08181114_59964d87a9989.jpg,08181114_59964d8d8bf3c.jpg,単位,10巻,,,,,,,,,,,,,,,,,,,2,0,1,A - 2,1,0,,,3480,,0,,,,,,,,,,,,,,,1,NEW,9,マスキングテープ・シーリングテープ
8,155,0,15,,7巻,,,日東NO720Aペイントエース 18ミリ×18m,1,,,,,,,,カラー/むらさき,08181114_59964d80ba38d.jpg,"【一般建築用】巻き戻しもスムーズで、直線がきれいに仕上がります。はがす時もほとんど切れません。",08181114_59964d87a9989.jpg,08181114_59964d8d8bf3c.jpg,単位,7巻,,,,,,,,,,,,,,,,,,,2,0,1,A - 5,3,0,,,390,,0,,,,,,,,,,,,,,,1,NEW,9,マスキングテープ・シーリングテープ
8,154,0,16,,70巻,,,日東NO720Aペイントエース 18ミリ×18m,1,,,,,,,,カラー/むらさき,08181114_59964d80ba38d.jpg,"【一般建築用】巻き戻しもスムーズで、直線がきれいに仕上がります。はがす時もほとんど切れません。",08181114_59964d87a9989.jpg,08181114_59964d8d8bf3c.jpg,単位,7巻,,,,,,,,,,,,,,,,,,,2,0,1,A - 6,3,0,,,3650,,0,,,,,,,,,,,,,,,1,NEW,9,マスキングテープ・シーリングテープ
131,979,0,21,,10本,,,NEW新鉄骨　筋白50ミリ,1,,,,,,,,50ミリ,I-19.jpg,含み、吐き出しに優れ、耐久性、へたりをなくした商品です。,I-19.jpg,I-19.jpg,,,,,,,,,,,,,,,,,,,,,2,0,1,I - 22,,1,,,10000,,0,,,,,,,,,,,,,,,2,残りわずか,17,刷毛
131,978,0,22,,1本,,,NEW新鉄骨　筋白50ミリ,1,,,,,,,,50ミリ,I-19.jpg,含み、吐き出しに優れ、耐久性、へたりをなくした商品です。,I-19.jpg,I-19.jpg,,,,,,,,,,,,,,,,,,,,,2,0,1,I - 21,,1,,,1100,,0,,,,,,,,,,,,,,,2,残りわずか,17,刷毛
132,988,0,21,,10本,,,NEW新鉄骨　筋白55ミリ,1,,,,,,,,55ミリ,I-19.jpg,含み、吐き出しに優れ、耐久性、へたりをなくした商品です。,I-19.jpg,I-19.jpg,,,,,,,,,,,,,,,,,,,,,2,0,1,I - 24,,1,,,10500,,0,,,,,,,,,,,,,,,2,残りわずか,17,刷毛
132,987,0,22,,1本,,,NEW新鉄骨　筋白55ミリ,1,,,,,,,,55ミリ,I-19.jpg,含み、吐き出しに優れ、耐久性、へたりをなくした商品です。,I-19.jpg,I-19.jpg,,,,,,,,,,,,,,,,,,,,,2,0,1,I - 23,,1,,,1180,,0,,,,,,,,,,,,,,,2,残りわずか,17,刷毛
133,1004,0,21,,10本,,,NEW新鉄骨　筋白60ミリ,1,,,,,,,,60ミリ,I-19.jpg,含み、吐き出しに優れ、耐久性、へたりをなくした商品です。,I-19.jpg,I-19.jpg,,,,,,,,,,,,,,,,,,,,,2,0,1,I - 26,,1,,,11700,,0,,,,,,,,,,,,,,,2,残りわずか,17,刷毛
133,1003,0,22,,1本,,,NEW新鉄骨　筋白60ミリ,1,,,,,,,,60ミリ,I-19.jpg,含み、吐き出しに優れ、耐久性、へたりをなくした商品です。,I-19.jpg,I-19.jpg,,,,,,,,,,,,,,,,,,,,,2,0,1,I - 25,,1,,,1220,,0,,,,,,,,,,,,,,,2,残りわずか,17,刷毛
134,1013,0,21,,10本,,,影武者　筋違　白　30ミリ,1,,,,,,,,30ミリ,,大人気商品、万能タイプであらゆるシーンに対応出来ます。,,,,,,,,,,,,,,,,,,,,,,,2,0,1,I - 28,,1,,,300,,0,,,,,,,,,,,,,,,2,残りわずか,17,刷毛
134,1012,0,22,,1本,,,影武者　筋違　白　30ミリ,1,,,,,,,,30ミリ,,大人気商品、万能タイプであらゆるシーンに対応出来ます。,,,,,,,,,,,,,,,,,,,,,,,2,0,1,I - 27,,1,,,300,,0,,,,,,,,,,,,,,,2,残りわずか,17,刷毛
135,1022,0,21,,10本,,,影武者　筋違　白　40ミリ,1,,,,,,,,40ミリ,I-29.jpg,大人気商品、万能タイプであらゆるシーンに対応出来ます。,I-29.jpg,I-29.jpg,,,,,,,,,,,,,,,,,,,,,2,0,1,I - 30,,1,,,380,,0,,,,,,,,,,,,,,,2,残りわずか,17,刷毛
135,1021,0,22,,1本,,,影武者　筋違　白　40ミリ,1,,,,,,,,40ミリ,I-29.jpg,大人気商品、万能タイプであらゆるシーンに対応出来ます。,I-29.jpg,I-29.jpg,,,,,,,,,,,,,,,,,,,,,2,0,1,I - 29,,1,,,380,,0,,,,,,,,,,,,,,,2,残りわずか,17,刷毛
136,1031,0,21,,10本,,,影武者　筋違　白　50ミリ,1,,,,,,,,50ミリ,I-29.jpg,大人気商品、万能タイプであらゆるシーンに対応出来ます。,I-29.jpg,I-29.jpg,,,,,,,,,,,,,,,,,,,,,2,0,1,I - 32,,1,,,3500,,0,,,,,,,,,,,,,,,2,残りわずか,17,刷毛
136,1030,0,22,,1本,,,影武者　筋違　白　50ミリ,1,,,,,,,,50ミリ,I-29.jpg,大人気商品、万能タイプであらゆるシーンに対応出来ます。,I-29.jpg,I-29.jpg,,,,,,,,,,,,,,,,,,,,,2,0,1,I - 31,,1,,,390,,0,,,,,,,,,,,,,,,2,残りわずか,17,刷毛
137,1040,0,21,,10本,,,影武者　筋違　白　60ミリ,1,,,,,,,,60ミリ,,大人気商品、万能タイプであらゆるシーンに対応出来ます。,,,,,,,,,,,,,,,,,,,,,,,2,0,1,I - 34,,1,,,4500,,0,,,,,,,,,,,,,,,2,残りわずか,17,刷毛
137,1039,0,22,,1本,,,影武者　筋違　白　60ミリ,1,,,,,,,,60ミリ,,大人気商品、万能タイプであらゆるシーンに対応出来ます。,,,,,,,,,,,,,,,,,,,,,,,2,0,1,I - 33,,1,,,490,,0,,,,,,,,,,,,,,,2,残りわずか,17,刷毛
138,1049,0,21,,10本,,,ひよこ　筋違　白　30ミリ,1,,,,,,,,30ミリ,I-35.jpg,水性用刷毛の人気商品です。含み、吐き出しに優れ、価格もリーズナブルです。,I-35.jpg,I-35.jpg,,,,,,,,,,,,,,,,,,,,,2,0,1,I - 36,,1,,,2500,,0,,,,,,,,,,,,,,,2,残りわずか,17,刷毛
138,1048,0,22,,1本,,,ひよこ　筋違　白　30ミリ,1,,,,,,,,30ミリ,I-35.jpg,水性用刷毛の人気商品です。含み、吐き出しに優れ、価格もリーズナブルです。,I-35.jpg,I-35.jpg,,,,,,,,,,,,,,,,,,,,,2,0,1,I - 35,,1,,,265,,0,,,,,,,,,,,,,,,2,残りわずか,17,刷毛
139,1058,0,21,,10本,,,ひよこ　筋違　白　40ミリ,1,,,,,,,,40ミリ,I-35.jpg,水性用刷毛の人気商品です。含み、吐き出しに優れ、価格もリーズナブルです。,I-35.jpg,I-35.jpg,,,,,,,,,,,,,,,,,,,,,2,0,1,I - 38,,1,,,2980,,0,,,,,,,,,,,,,,,2,残りわずか,17,刷毛
139,1057,0,22,,1本,,,ひよこ　筋違　白　40ミリ,1,,,,,,,,40ミリ,I-35.jpg,水性用刷毛の人気商品です。含み、吐き出しに優れ、価格もリーズナブルです。,I-35.jpg,I-35.jpg,,,,,,,,,,,,,,,,,,,,,2,0,1,I - 37,,1,,,315,,0,,,,,,,,,,,,,,,2,残りわずか,17,刷毛
140,1067,0,21,,10本,,,ひよこ　筋違　白　50ミリ,1,,,,,,,,50ミリ,I-35.jpg,水性用刷毛の人気商品です。含み、吐き出しに優れ、価格もリーズナブルです。,I-35.jpg,I-35.jpg,,,,,,,,,,,,,,,,,,,,,2,0,1,I - 40,,1,,,3750,,0,,,,,,,,,,,,,,,2,残りわずか,17,刷毛
140,1066,0,22,,1本,,,ひよこ　筋違　白　50ミリ,1,,,,,,,,50ミリ,I-35.jpg,水性用刷毛の人気商品です。含み、吐き出しに優れ、価格もリーズナブルです。,I-35.jpg,I-35.jpg,,,,,,,,,,,,,,,,,,,,,2,0,1,I - 39,,1,,,390,,0,,,,,,,,,,,,,,,2,残りわずか,17,刷毛
141,1076,0,21,,10本,,,ひよこ　筋違　白　60ミリ,1,,,,,,,,60ミリ,I-35.jpg,水性用刷毛の人気商品です。含み、吐き出しに優れ、価格もリーズナブルです。,I-35.jpg,I-35.jpg,,,,,,,,,,,,,,,,,,,,,2,0,1,I - 42,,1,,,4260,,0,,,,,,,,,,,,,,,2,残りわずか,17,刷毛
141,1075,0,22,,1本,,,ひよこ　筋違　白　60ミリ,1,,,,,,,,60ミリ,I-43.jpg,水性用刷毛の人気商品です。含み、吐き出しに優れ、価格もリーズナブルです。,I-43.jpg,I-43.jpg,,,,,,,,,,,,,,,,,,,,,2,0,1,I - 41,,1,,,445,,0,,,,,,,,,,,,,,,2,残りわずか,17,刷毛
142,1085,0,21,,10本,,,ひよこ　目地　平　30ミリ,1,,,,,,,,30ミリ,I-43.jpg,水性用刷毛の人気商品です。含み、吐き出しに優れ、価格もリーズナブルです。,I-43.jpg,I-43.jpg,,,,,,,,,,,,,,,,,,,,,2,0,1,I - 44,,1,,,6000,,0,,,,,,,,,,,,,,,2,残りわずか,17,刷毛
142,1084,0,22,,1本,,,ひよこ　目地　平　30ミリ,1,,,,,,,,30ミリ,I-43.jpg,水性用刷毛の人気商品です。含み、吐き出しに優れ、価格もリーズナブルです。,I-43.jpg,I-43.jpg,,,,,,,,,,,,,,,,,,,,,2,0,1,I - 43,,1,,,125,,0,,,,,,,,,,,,,,,2,残りわずか,17,刷毛
143,1094,0,21,,10本,,,ひよこ　目地　筋違　30ミリ,1,,,,,,,,30ミリ,I-43.jpg,水性用刷毛の人気商品です。含み、吐き出しに優れ、価格もリーズナブルです。,I-43.jpg,I-43.jpg,,,,,,,,,,,,,,,,,,,,,2,0,1,I - 46,,1,,,6600,,0,,,,,,,,,,,,,,,2,残りわずか,17,刷毛
143,1093,0,22,,1本,,,ひよこ　目地　筋違　30ミリ,1,,,,,,,,30ミリ,I-43.jpg,水性用刷毛の人気商品です。含み、吐き出しに優れ、価格もリーズナブルです。,I-43.jpg,I-43.jpg,,,,,,,,,,,,,,,,,,,,,2,0,1,I - 45,,1,,,136,,0,,,,,,,,,,,,,,,2,残りわずか,17,刷毛
144,1103,0,21,,10本,,,こまち　筋違　白　30ミリ,1,,,,,,,,30ミリ,I-47.jpg,ターペン系に優れ、腰感は職人さんに好評です、ウレタン塗料。シリコン塗料などに最適な商品でうs。,I-47.jpg,I-47.jpg,,,,,,,,,,,,,,,,,,,,,2,0,1,I - 48,,1,,,3570,,0,,,,,,,,,,,,,,,2,残りわずか,17,刷毛
144,1102,0,22,,1本,,,こまち　筋違　白　30ミリ,1,,,,,,,,30ミリ,I-47.jpg,ターペン系に優れ、腰感は職人さんに好評です、ウレタン塗料。シリコン塗料などに最適な商品でうs。,I-47.jpg,I-47.jpg,,,,,,,,,,,,,,,,,,,,,2,0,1,I - 47,,1,,,370,,0,,,,,,,,,,,,,,,2,残りわずか,17,刷毛
145,1112,0,21,,10本,,,こまち　筋違　白　40ミリ,1,,,,,,,,40ミリ,I-47.jpg,ターペン系に優れ、腰感は職人さんに好評です、ウレタン塗料。シリコン塗料などに最適な商品でうs。,I-47.jpg,I-47.jpg,,,,,,,,,,,,,,,,,,,,,2,0,1,I - 50,,1,,,4500,,0,,,,,,,,,,,,,,,2,残りわずか,17,刷毛
145,1111,0,22,,1本,,,こまち　筋違　白　40ミリ,1,,,,,,,,40ミリ,I-47.jpg,ターペン系に優れ、腰感は職人さんに好評です、ウレタン塗料。シリコン塗料などに最適な商品でうs。,I-47.jpg,I-47.jpg,,,,,,,,,,,,,,,,,,,,,2,0,1,I - 49,,1,,,470,,0,,,,,,,,,,,,,,,2,残りわずか,17,刷毛
146,1121,0,21,,10本,,,こまち　筋違　白　50ミリ,1,,,,,,,,50ミリ,I-47.jpg,ターペン系に優れ、腰感は職人さんに好評です、ウレタン塗料。シリコン塗料などに最適な商品でうs。,I-47.jpg,I-47.jpg,,,,,,,,,,,,,,,,,,,,,2,0,1,I - 52,,1,,,4980,,0,,,,,,,,,,,,,,,2,残りわずか,17,刷毛
146,1120,0,22,,1本,,,こまち　筋違　白　50ミリ,1,,,,,,,,50ミリ,I-47.jpg,ターペン系に優れ、腰感は職人さんに好評です、ウレタン塗料。シリコン塗料などに最適な商品でうs。,I-47.jpg,I-47.jpg,,,,,,,,,,,,,,,,,,,,,2,0,1,I - 51,,1,,,520,,0,,,,,,,,,,,,,,,2,残りわずか,17,刷毛
147,1130,0,21,,10本,,,こまち　筋違　白　60ミリ,1,,,,,,,,60ミリ,I-47.jpg,ターペン系に優れ、腰感は職人さんに好評です、ウレタン塗料。シリコン塗料などに最適な商品でうs。,I-47.jpg,I-47.jpg,,,,,,,,,,,,,,,,,,,,,2,0,1,I - 54,,1,,,7200,,0,,,,,,,,,,,,,,,2,残りわずか,17,刷毛
147,1129,0,22,,1本,,,こまち　筋違　白　60ミリ,1,,,,,,,,60ミリ,I-47.jpg,ターペン系に優れ、腰感は職人さんに好評です、ウレタン塗料。シリコン塗料などに最適な商品でうs。,I-47.jpg,I-47.jpg,,,,,,,,,,,,,,,,,,,,,2,0,1,I - 53,,1,,,750,,0,,,,,,,,,,,,,,,2,残りわずか,17,刷毛
148,1139,0,21,,10本,,,彩光　筋違　10号,1,,,,,,,,10号,I-55.jpg,厚口タイプで、かぶりも良く大人気商品、合成樹脂塗料向けの商品です。,I-55.jpg,I-55.jpg,,,,,,,,,,,,,,,,,,,,,2,0,1,I - 56,,1,,,6800,,0,,,,,,,,,,,,,,,2,残りわずか,17,刷毛
148,1138,0,22,,1本,,,彩光　筋違　10号,1,,,,,,,,10号,I-55.jpg,厚口タイプで、かぶりも良く大人気商品、合成樹脂塗料向けの商品です。,I-55.jpg,I-55.jpg,,,,,,,,,,,,,,,,,,,,,2,0,1,I - 55,,1,,,720,,0,,,,,,,,,,,,,,,2,残りわずか,17,刷毛
149,1148,0,21,,10本,,,彩光　筋違　15号,1,,,,,,,,15号,I-55.jpg,厚口タイプで、かぶりも良く大人気商品、合成樹脂塗料向けの商品です。,I-55.jpg,I-55.jpg,,,,,,,,,,,,,,,,,,,,,2,0,1,I - 58,,1,,,8600,,0,,,,,,,,,,,,,,,2,残りわずか,17,刷毛
149,1147,0,22,,1本,,,彩光　筋違　15号,1,,,,,,,,15号,I-55.jpg,厚口タイプで、かぶりも良く大人気商品、合成樹脂塗料向けの商品です。,I-55.jpg,I-55.jpg,,,,,,,,,,,,,,,,,,,,,2,0,1,I - 57,,1,,,900,,0,,,,,,,,,,,,,,,2,残りわずか,17,刷毛
150,1157,0,21,,10本,,,彩光　筋違　20号,1,,,,,,,,20号,I-55.jpg,厚口タイプで、かぶりも良く大人気商品、合成樹脂塗料向けの商品です。,I-55.jpg,I-55.jpg,,,,,,,,,,,,,,,,,,,,,2,0,1,I - 60,,1,,,9400,,0,,,,,,,,,,,,,,,2,残りわずか,17,刷毛
150,1156,0,22,,1本,,,彩光　筋違　20号,1,,,,,,,,20号,I-55.jpg,厚口タイプで、かぶりも良く大人気商品、合成樹脂塗料向けの商品です。,I-55.jpg,I-55.jpg,,,,,,,,,,,,,,,,,,,,,2,0,1,I - 59,,1,,,990,,0,,,,,,,,,,,,,,,2,残りわずか,17,刷毛
151,1166,0,21,,10本,,,彩光　筋違　25号,1,,,,,,,,25号,I-55.jpg,厚口タイプで、かぶりも良く大人気商品、合成樹脂塗料向けの商品です。,I-55.jpg,I-55.jpg,,,,,,,,,,,,,,,,,,,,,2,0,1,I - 61,,1,,,11200,,0,,,,,,,,,,,,,,,2,残りわずか,17,刷毛
151,1165,0,22,,1本,,,彩光　筋違　25号,1,,,,,,,,25号,I-55.jpg,厚口タイプで、かぶりも良く大人気商品、合成樹脂塗料向けの商品です。,I-55.jpg,I-55.jpg,,,,,,,,,,,,,,,,,,,,,2,0,1,I - 61,,1,,,1170,,0,,,,,,,,,,,,,,,2,残りわずか,17,刷毛
103,811,0,22,,1本,,,ピーチ外装用　ミドル7”　14ミリ,1,,,,,,,,毛丈14ミリ7インチ,,ナイロン繊維を混毛、抜群の耐久性を誇る外装用のローラーです。塗料の含み・吐き出し性能が大幅に向上し、模様面の塗り替えで安定した膜厚を確保出来ます。　　　　　各種シーラー・フィーラーにも相性抜群です。,,,型番,7M-PH14,,,,,,,,,,,,,,,,,,,2,0,1,H - 57,,1,,,400,,0,,,,,,,,,,,,,,,2,残りわずか,16,ローラー
103,806,0,27,,20本,,,ピーチ外装用　ミドル7”　14ミリ,1,,,,,,,,毛丈14ミリ7インチ,,ナイロン繊維を混毛、抜群の耐久性を誇る外装用のローラーです。塗料の含み・吐き出し性能が大幅に向上し、模様面の塗り替えで安定した膜厚を確保出来ます。　　　　　各種シーラー・フィーラーにも相性抜群です。,,,型番,7M-PH14,,,,,,,,,,,,,,,,,,,2,0,1,H - 58,,1,,,7600,,0,,,,,,,,,,,,,,,2,残りわずか,16,ローラー
104,820,0,22,,1本,,,ピーチ外装用　ミドル7”　20ミリ,1,,,,,,,,毛丈20ミリ7インチ,,ナイロン繊維を混毛、抜群の耐久性を誇る外装用のローラーです。塗料の含み・吐き出し性能が大幅に向上し、模様面の塗り替えで安定した膜厚を確保出来ます。　　　　　各種シーラー・フィーラーにも相性抜群です。,,,型番,7M-PH20,,,,,,,,,,,,,,,,,,,2,0,1,H - 60,,1,,,400,,0,,,,,,,,,,,,,,,2,残りわずか,16,ローラー
104,815,0,27,,20本,,,ピーチ外装用　ミドル7”　20ミリ,1,,,,,,,,毛丈20ミリ7インチ,,ナイロン繊維を混毛、抜群の耐久性を誇る外装用のローラーです。塗料の含み・吐き出し性能が大幅に向上し、模様面の塗り替えで安定した膜厚を確保出来ます。　　　　　各種シーラー・フィーラーにも相性抜群です。,,,型番,7M-PH20,,,,,,,,,,,,,,,,,,,2,0,1,H - 59,,1,,,7600,,0,,,,,,,,,,,,,,,2,残りわずか,16,ローラー
105,858,0,26,,2本,,,ピーチ外装用　ミドル7”　25ミリ,1,,,,,,,,毛丈25ミリ7インチ,,ナイロン繊維を混毛、抜群の耐久性を誇る外装用のローラーです。塗料の含み・吐き出し性能が大幅に向上し、模様面の塗り替えで安定した膜厚を確保出来ます。　　　　　各種シーラー・フィーラーにも相性抜群です。,,,型番,7M-PH25,,,,,,,,,,,,,,,,,,,2,0,1,H - 61,,1,,,400,,0,,,,,,,,,,,,,,,2,残りわずか,16,ローラー
105,831,0,27,,20本,,,ピーチ外装用　ミドル7”　25ミリ,1,,,,,,,,毛丈25ミリ7インチ,,ナイロン繊維を混毛、抜群の耐久性を誇る外装用のローラーです。塗料の含み・吐き出し性能が大幅に向上し、模様面の塗り替えで安定した膜厚を確保出来ます。　　　　　各種シーラー・フィーラーにも相性抜群です。,,,型番,7M-PH25,,,,,,,,,,,,,,,,,,,2,0,1,H - 62,,1,,,7600,,0,,,,,,,,,,,,,,,2,残りわずか,16,ローラー
106,845,0,22,,1本,,,ミニマイクロエース短毛6ミリ2”,1,,,,,,,,毛丈6ミリ2インチ,,雨どいの壁面・戸井下・入隅など、通常のローラーでは入りにくい狭い場所にも入るローラーです。,,,型番,2MS-MIC,,,,,,,,,,,,,,,,,,,2,0,1,H - 63,,1,,,490,,0,,,,,,,,,,,,,,,2,残りわずか,16,ローラー
106,842,0,25,,100本,,,ミニマイクロエース短毛6ミリ2”,1,,,,,,,,毛丈6ミリ2インチ,H-63.jpg,雨どいの壁面・戸井下・入隅など、通常のローラーでは入りにくい狭い場所にも入るローラーです。,H-63.jpg,H-63.jpg,型番,2MS-MIC,,,,,,,,,,,,,,,,,,,2,0,1,H - 64,,1,,,22500,,0,,,,,,,,,,,,,,,2,残りわずか,16,ローラー
107,851,0,25,,100本,,,ミニマイクロエース短毛6ミリ3”,1,,,,,,,,毛丈6ミリ3インチ,H-63.jpg,雨どいの壁面・戸井下・入隅など、通常のローラーでは入りにくい狭い場所にも入るローラーです。,H-63.jpg,H-63.jpg,型番,3MS-MIC,,,,,,,,,,,,,,,,,,,2,0,1,H - 66,,1,,,22500,,0,,,,,,,,,,,,,,,2,残りわずか,16,ローラー
107,850,0,26,,2本,,,ミニマイクロエース短毛6ミリ3”,1,,,,,,,,毛丈6ミリ3インチ,H-63.jpg,雨どいの壁面・戸井下・入隅など、通常のローラーでは入りにくい狭い場所にも入るローラーです。,H-63.jpg,H-63.jpg,型番,3MS-MIC,,,,,,,,,,,,,,,,,,,2,0,1,H - 65,,1,,,490,,0,,,,,,,,,,,,,,,2,残りわずか,16,ローラー
108,867,0,25,,100本,,,ミニマイクロエース短毛6ミリ4”,1,,,,,,,,毛丈6ミリ4インチ,H-63.jpg,雨どいの壁面・戸井下・入隅など、通常のローラーでは入りにくい狭い場所にも入るローラーです。,H-63.jpg,H-63.jpg,型番,4MS-MIC,,,,,,,,,,,,,,,,,,,2,0,1,H - 68,,1,,,22500,,0,,,,,,,,,,,,,,,2,残りわずか,16,ローラー
108,866,0,26,,2本,,,ミニマイクロエース短毛6ミリ4”,1,,,,,,,,毛丈6ミリ4インチ,H-63.jpg,雨どいの壁面・戸井下・入隅など、通常のローラーでは入りにくい狭い場所にも入るローラーです。,H-63.jpg,H-63.jpg,型番,4MS-MIC,,,,,,,,,,,,,,,,,,,2,0,1,H - 67,,1,,,490,,0,,,,,,,,,,,,,,,2,残りわずか,16,ローラー
109,876,0,25,,100本,,,ミニマイクロエース中毛13ミリ2”,1,,,,,,,,毛丈13ミリ2インチ,H-69.jpg,雨どいの壁面・戸井下・入隅など、通常のローラーでは入りにくい狭い場所にも入るローラーです。,H-69.jpg,H-69.jpg,型番,2MS-MIB,,,,,,,,,,,,,,,,,,,2,0,1,H - 70,,1,,,22500,,0,,,,,,,,,,,,,,,2,残りわずか,16,ローラー
109,875,0,26,,2本,,,ミニマイクロエース中毛13ミリ2”,1,,,,,,,,毛丈13ミリ2インチ,H-69.jpg,雨どいの壁面・戸井下・入隅など、通常のローラーでは入りにくい狭い場所にも入るローラーです。,H-69.jpg,H-69.jpg,型番,2MS-MIB,,,,,,,,,,,,,,,,,,,2,0,1,H - 69,,1,,,490,,0,,,,,,,,,,,,,,,2,残りわずか,16,ローラー
110,885,0,25,,100本,,,ミニマイクロエース中毛13ミリ3”,1,,,,,,,,毛丈13ミリ3インチ,H-69.jpg,雨どいの壁面・戸井下・入隅など、通常のローラーでは入りにくい狭い場所にも入るローラーです。,H-69.jpg,H-69.jpg,型番,3MS-MIB,,,,,,,,,,,,,,,,,,,2,0,1,H - 72,,1,,,22500,,0,,,,,,,,,,,,,,,2,残りわずか,16,ローラー
110,884,0,26,,2本,,,ミニマイクロエース中毛13ミリ3”,1,,,,,,,,毛丈13ミリ3インチ,H-69.jpg,雨どいの壁面・戸井下・入隅など、通常のローラーでは入りにくい狭い場所にも入るローラーです。,H-69.jpg,H-69.jpg,型番,3MS-MIB,,,,,,,,,,,,,,,,,,,2,0,1,H - 71,,1,,,490,,0,,,,,,,,,,,,,,,2,残りわずか,16,ローラー
111,894,0,25,,100本,,,ミニマイクロエース中毛13ミリ4”,1,,,,,,,,毛丈13ミリ4インチ,H-69.jpg,雨どいの壁面・戸井下・入隅など、通常のローラーでは入りにくい狭い場所にも入るローラーです。,H-69.jpg,H-69.jpg,型番,4MS-MIB,,,,,,,,,,,,,,,,,,,2,0,1,H - 74,,1,,,22500,,0,,,,,,,,,,,,,,,2,残りわずか,16,ローラー
111,893,0,26,,2本,,,ミニマイクロエース中毛13ミリ4”,1,,,,,,,,毛丈13ミリ4インチ,H-69.jpg,雨どいの壁面・戸井下・入隅など、通常のローラーでは入りにくい狭い場所にも入るローラーです。,H-69.jpg,H-69.jpg,型番,4MS-MIB,,,,,,,,,,,,,,,,,,,2,0,1,H - 73,,1,,,490,,0,,,,,,,,,,,,,,,2,残りわずか,16,ローラー
112,288,0,0,,,,,砂骨材ローラー　レギュラー7”,1,,,,,,,,標準目,H-75.jpg,砂骨材入り塗料や弾性タイル材を塗装するのに最適です。,H-75.jpg,H-75.jpg,型番,7KG,,,,,,,,,,,,,,,,,,,2,0,1,H - 75,,1,,,900,,0,,,,,,,,,,,,,,,2,残りわずか,16,ローラー
113,289,0,0,,,,,砂骨材ローラー　レギュラー9”,1,,,,,,,,標準目,H-75.jpg,砂骨材入り塗料や弾性タイル材を塗装するのに最適です。,H-75.jpg,H-75.jpg,型番,9KG,,,,,,,,,,,,,,,,,,,2,0,1,H - 76,,1,,,950,,0,,,,,,,,,,,,,,,2,残りわずか,16,ローラー
114,290,0,0,,,,,砂骨材ローラー　スモール4”,1,,,,,,,,標準目,H-75.jpg,砂骨材入り塗料や弾性タイル材を塗装するのに最適です。,H-75.jpg,H-75.jpg,型番,4S-KG,,,,,,,,,,,,,,,,,,,2,0,1,H - 77,,1,,,425,,0,,,,,,,,,,,,,,,2,残りわずか,16,ローラー
115,291,0,0,,,,,砂骨材ローラー　スモール6”,1,,,,,,,,標準目,H-75.jpg,砂骨材入り塗料や弾性タイル材を塗装するのに最適です。,H-75.jpg,H-75.jpg,型番,6S-KG,,,,,,,,,,,,,,,,,,,2,0,1,H - 78,,1,,,510,,0,,,,,,,,,,,,,,,2,残りわずか,16,ローラー
116,292,0,0,,,,,砂骨材ローラー細目スモール4”,1,,,,,,,,細目,H-79.jpg,砂骨材入り塗料や弾性タイル材を塗装するのに最適です。,H-79.jpg,H-79.jpg,型番,4S-KGS,,,,,,,,,,,,,,,,,,,2,0,1,H - 79,,1,,,425,,0,,,,,,,,,,,,,,,2,残りわずか,16,ローラー
117,293,0,0,,,,,砂骨材ローラー細目スモール6”,1,,,,,,,,細目,H-79.jpg,砂骨材入り塗料や弾性タイル材を塗装するのに最適です。,H-79.jpg,H-79.jpg,型番,6S-KGS,,,,,,,,,,,,,,,,,,,2,0,1,H - 80,,1,,,510,,0,,,,,,,,,,,,,,,2,残りわずか,16,ローラー
118,294,0,0,,,,,砂骨材ローラーワンタッチコーナー,1,,,,,,,,標準目,H-79.jpg,砂骨材入り塗料や弾性タイル材を塗装するのに最適です。,H-79.jpg,H-79.jpg,型番,KG,,,,,,,,,,,,,,,,,,,2,0,1,H - 81,,1,,,500,,0,,,,,,,,,,,,,,,2,残りわずか,16,ローラー
119,295,0,0,,,,,目地刷毛　無地　平10号(10入),1,,,,,,,,30ミリ,I-1.jpg,コメントなし,I-1.jpg,I-1.jpg,,,,,,,,,,,,,,,,,,,,,2,0,1,I - 1,,1,,,1200,,0,,,,,,,,,,,,,,,2,残りわずか,17,刷毛
120,296,0,0,,,,,目地刷毛　無地　筋10号(10入),1,,,,,,,,30ミリ,I-2.jpg,コメントなし,I-2.jpg,I-2.jpg,,,,,,,,,,,,,,,,,,,,,2,0,1,I - 2,,1,,,1500,,0,,,,,,,,,,,,,,,2,残りわずか,17,刷毛
121,297,0,0,,,,,筋違刷毛15号　(10本入),1,,,,,,,,40ミリ,I-3.jpg,コメントなし,I-3.jpg,I-3.jpg,,,,,,,,,,,,,,,,,,,,,2,0,1,I - 3,,1,,,3300,,0,,,,,,,,,,,,,,,2,残りわずか,17,刷毛
122,298,0,0,,,,,筋違刷毛20号　(10本入),1,,,,,,,,50ミリ,I-3.jpg,コメントなし,I-3.jpg,I-3.jpg,,,,,,,,,,,,,,,,,,,,,2,0,1,I - 4,,1,,,3500,,0,,,,,,,,,,,,,,,2,残りわずか,17,刷毛
123,906,0,22,,1本,,,BKラスターN　短柄　2”,1,,,,,,,,2インチ,I-5.jpg,コメントなし,I-5.jpg,I-5.jpg,,,,,,,,,,,,,,,,,,,,,2,0,1,I - 5,,1,,,180,,0,,,,,,,,,,,,,,,2,残りわずか,17,刷毛
123,904,0,24,,12本,,,BKラスターN　短柄　2”,1,,,,,,,,2インチ,I-5.jpg,コメントなし,I-5.jpg,I-5.jpg,,,,,,,,,,,,,,,,,,,,,2,0,1,I -6,,1,,,1980,,0,,,,,,,,,,,,,,,2,残りわずか,17,刷毛
124,915,0,22,,1本,,,BKラスターN　短柄　3”,1,,,,,,,,3インチ,I-5.jpg,コメントなし,I-5.jpg,I-5.jpg,,,,,,,,,,,,,,,,,,,,,2,0,1,I - 7,,1,,,155,,0,,,,,,,,,,,,,,,2,残りわずか,17,刷毛
124,913,0,24,,12本,,,BKラスターN　短柄　3”,1,,,,,,,,3インチ,I-5.jpg,コメントなし,I-5.jpg,I-5.jpg,,,,,,,,,,,,,,,,,,,,,2,0,1,I - 8,,1,,,2280,,0,,,,,,,,,,,,,,,2,残りわずか,17,刷毛
125,924,0,22,,1本,,,377Nラスター平　胡麻　2.5”,1,,,,,,,,2.5インチ,I-9.jpg,コメントなし,I-9.jpg,I-9.jpg,,,,,,,,,,,,,,,,,,,,,2,0,1,I - 9,,1,,,220,,0,,,,,,,,,,,,,,,2,残りわずか,17,刷毛
125,922,0,24,,12本,,,377Nラスター平　胡麻　2.5”,1,,,,,,,,2.5インチ,I-9.jpg,コメントなし,I-9.jpg,I-9.jpg,,,,,,,,,,,,,,,,,,,,,2,0,1,I - 10,,1,,,2400,,0,,,,,,,,,,,,,,,2,残りわずか,17,刷毛
126,933,0,22,,1本,,,377Nラスター平　胡麻　3”,1,,,,,,,,3インチ,I-9.jpg,コメントなし,I-9.jpg,I-9.jpg,,,,,,,,,,,,,,,,,,,,,2,0,1,I - 11,,1,,,230,,0,,,,,,,,,,,,,,,2,残りわずか,17,刷毛
126,931,0,24,,12本,,,377Nラスター平　胡麻　3”,1,,,,,,,,3インチ,I-9.jpg,コメントなし,I-9.jpg,I-9.jpg,,,,,,,,,,,,,,,,,,,,,2,0,1,I - 12,,1,,,2880,,0,,,,,,,,,,,,,,,2,残りわずか,17,刷毛
127,942,0,22,,1本,,,356Nラスター平　黒　2.5”,1,,,,,,,,2.5インチ,I-13.jpg,コメントなし,I-13.jpg,I-13.jpg,,,,,,,,,,,,,,,,,,,,,2,0,1,I - 13,,1,,,220,,0,,,,,,,,,,,,,,,2,残りわずか,17,刷毛
127,940,0,24,,12本,,,356Nラスター平　黒　2.5”,1,,,,,,,,2.5インチ,I-13.jpg,コメントなし,I-13.jpg,I-13.jpg,,,,,,,,,,,,,,,,,,,,,2,0,1,I - 14,,1,,,2520,,0,,,,,,,,,,,,,,,2,残りわずか,17,刷毛
128,951,0,22,,1本,,,356Nラスター平　黒　3”,1,,,,,,,,3インチ,I-13.jpg,コメントなし,I-13.jpg,I-13.jpg,,,,,,,,,,,,,,,,,,,,,2,0,1,I - 15,,1,,,230,,0,,,,,,,,,,,,,,,2,残りわずか,17,刷毛
128,949,0,24,,12本,,,356Nラスター平　黒　3”,1,,,,,,,,3インチ,I-13.jpg,コメントなし,I-13.jpg,I-13.jpg,,,,,,,,,,,,,,,,,,,,,2,0,1,I - 16,,1,,,2640,,0,,,,,,,,,,,,,,,2,残りわずか,17,刷毛
129,960,0,22,,1本,,,8100Nラスター平　黒　3”,1,,,,,,,,3インチ,I-17.jpg,コメントなし,I-17.jpg,I-17.jpg,,,,,,,,,,,,,,,,,,,,,2,0,1,I - 17,,1,,,600,,0,,,,,,,,,,,,,,,2,残りわずか,17,刷毛
129,958,0,24,,12本,,,8100Nラスター平　黒　3”,1,,,,,,,,3インチ,I-17.jpg,コメントなし,I-17.jpg,I-17.jpg,,,,,,,,,,,,,,,,,,,,,2,0,1,I - 18,,1,,,6600,,0,,,,,,,,,,,,,,,2,残りわずか,17,刷毛
130,970,0,21,,10本,,,NEW新鉄骨　筋白45ミリ,1,,,,,,,,45ミリ,,含み、吐き出しに優れ、耐久性、へたりをなくした商品です。,,,,,,,,,,,,,,,,,,,,,,,2,0,1,I - 20,,1,,,9480,,0,,,,,,,,,,,,,,,2,残りわずか,17,刷毛
130,969,0,22,,1本,,,NEW新鉄骨　筋白45ミリ,1,,,,,,,,45ミリ,,含み、吐き出しに優れ、耐久性、へたりをなくした商品です。,,,,,,,,,,,,,,,,,,,,,,,2,0,1,I - 19,,1,,,980,,0,,,,,,,,,,,,,,,2,残りわずか,17,刷毛
70,517,0,29,,1箱,,,カートリッジ　1型　(50枚),1,,,,,,,,2.2L,G-9.jpg,コメントなし,G-9.jpg,G-9.jpg,単位,50枚,,,,,,,,,,,,,,,,,,,2,0,1,G - 9,,1,,,1500,,0,,,,,,,,,,,,,,,2,残りわずか,15,ローラー用具・用品
70,516,0,30,,3箱,,,カートリッジ　1型　(50枚),1,,,,,,,,2.2L,G-9.jpg,コメントなし,G-9.jpg,G-9.jpg,単位,50枚,,,,,,,,,,,,,,,,,,,2,0,1,G - 10,,1,,,1600,,0,,,,,,,,,,,,,,,2,残りわずか,15,ローラー用具・用品
70,513,0,38,,6箱,,,カートリッジ　1型　(50枚),1,,,,,,,,2.2L,G-9.jpg,コメントなし,G-9.jpg,G-9.jpg,単位,50枚,,,,,,,,,,,,,,,,,,,2,0,1,G - 11,,1,,,1200,,0,,,,,,,,,,,,,,,2,残りわずか,15,ローラー用具・用品
71,522,0,29,,1箱,,,無印カートリッジ2型(20枚),1,,,,,,,,2.2L,G-12.jpg,内側に刷毛をしごけるように、めくれています。,G-12.jpg,G-12.jpg,,,,,,,,,,,,,,,,,,,,,2,0,1,G - 12,,1,,,1500,,0,,,,,,,,,,,,,,,2,残りわずか,15,ローラー用具・用品
71,521,0,30,,3箱,,,無印カートリッジ2型(20枚),1,,,,,,,,2.2L,G-12.jpg,内側に刷毛をしごけるように、めくれています。,G-12.jpg,G-12.jpg,,,,,,,,,,,,,,,,,,,,,2,0,1,G - 13,,1,,,1250,,0,,,,,,,,,,,,,,,2,残りわずか,15,ローラー用具・用品
71,518,0,38,,6箱,,,無印カートリッジ2型(20枚),1,,,,,,,,2.2L,G-12.jpg,内側に刷毛をしごけるように、めくれています。,G-12.jpg,G-12.jpg,,,,,,,,,,,,,,,,,,,,,2,0,1,G - 14,,1,,,1200,,0,,,,,,,,,,,,,,,2,残りわずか,15,ローラー用具・用品
72,248,0,0,,,,,"ECOローラーバケットSX2本ハンドル固定式",1,,,,,,,,210×170(底),G-15.jpg,コメントなし,G-15.jpg,G-15.jpg,,,,,,,,,,,,,,,,,,,,,2,0,1,G - 15,,1,,,340,,0,,,,,,,,,,,,,,,2,残りわずか,15,ローラー用具・用品
73,528,0,29,,1箱,,,SXカートリッジ　(30枚),1,,,,,,,,コメントなし,G-16.jpg,コメントなし,G-16.jpg,G-16.jpg,,,,,,,,,,,,,,,,,,,,,2,0,1,G - 16,,1,,,2400,,0,,,,,,,,,,,,,,,2,残りわずか,15,ローラー用具・用品
73,527,0,30,,3箱,,,SXカートリッジ　(30枚),1,,,,,,,,コメントなし,G-16.jpg,コメントなし,G-16.jpg,G-16.jpg,,,,,,,,,,,,,,,,,,,,,2,0,1,G - 17,,1,,,1600,,0,,,,,,,,,,,,,,,2,残りわずか,15,ローラー用具・用品
73,523,0,39,,8箱,,,SXカートリッジ　(30枚),1,,,,,,,,コメントなし,G-16.jpg,コメントなし,G-16.jpg,G-16.jpg,,,,,,,,,,,,,,,,,,,,,2,0,1,G - 18,,1,,,1500,,0,,,,,,,,,,,,,,,2,残りわずか,15,ローラー用具・用品
74,530,0,40,,1枚,,,ローラーネット　S・SX用,1,,,,,,,,コメントなし,I-19.jpg,コメントなし,I-19.jpg,I-19.jpg,,,,,,,,,,,,,,,,,,,,,2,0,1,G - 19,,1,,,90,,0,,,,,,,,,,,,,,,2,残りわずか,15,ローラー用具・用品
74,529,0,41,,30枚,,,ローラーネット　S・SX用,1,,,,,,,,コメントなし,I-19.jpg,コメントなし,I-19.jpg,I-19.jpg,,,,,,,,,,,,,,,,,,,,,2,0,1,G - 19,,1,,,2250,,0,,,,,,,,,,,,,,,2,残りわずか,15,ローラー用具・用品
75,538,0,22,,1本,,,マイクログランデ7ミリスモール4”,1,,,,,,,,毛丈7ミリ4インチ,H-1.jpg,耐久性を追及した高密度マイクロファイバーの特徴であるきめ細かさ・低飛散性に加え、毛のボリューム感を持たせることで耐久性も兼ね備えた、内装・外装へ幅広くご使用頂けるローラーです。　　　　　　　　　　7ミリ:非常にきめ細かく扉などの塗装に最適　　　　　　　　　　　　　　　　　　　　　　　　　　13ミリ:内装作業に最適　　　　　　　　　　　　18・25ミリ:含みが多く、吹付けタイル・サイディングなどの外装面に最適,H-1.jpg,H-1.jpg,型番,4S-MG7,,,,,,,,,,,,,,,,,,,2,0,1,H - 1,,1,,,320,,0,,,,,,,,,,,,,,,2,残りわずか,16,ローラー
75,537,0,23,,50本,,,マイクログランデ7ミリスモール4”,1,,,,,,,,毛丈7ミリ4インチ,H-1.jpg,耐久性を追及した高密度マイクロファイバーの特徴であるきめ細かさ・低飛散性に加え、毛のボリューム感を持たせることで耐久性も兼ね備えた、内装・外装へ幅広くご使用頂けるローラーです。　　　　　　　　　　7ミリ:非常にきめ細かく扉などの塗装に最適　　　　　　　　　　　　　　　　　　　　　　　　　　13ミリ:内装作業に最適　　　　　　　　　　　　18・25ミリ:含みが多く、吹付けタイル・サイディングなどの外装面に最適,H-1.jpg,H-1.jpg,型番,4S-MG7,,,,,,,,,,,,,,,,,,,2,0,1,H - 2,,1,,,15000,,0,,,,,,,,,,,,,,,2,残りわずか,16,ローラー
76,547,0,22,,1本,,,マイクログランデ7ミリスモール6”,1,,,,,,,,毛丈7ミリ6インチ,H-1.jpg,耐久性を追及した高密度マイクロファイバーの特徴であるきめ細かさ・低飛散性に加え、毛のボリューム感を持たせることで耐久性も兼ね備えた、内装・外装へ幅広くご使用頂けるローラーです。　　　　　　　　　　7ミリ:非常にきめ細かく扉などの塗装に最適　　　　　　　　　　　　　　　　　　　　　　　　　　13ミリ:内装作業に最適　　　　　　　　　　　　18・25ミリ:含みが多く、吹付けタイル・サイディングなどの外装面に最適,H-1.jpg,H-1.jpg,型番,6S-MG7,,,,,,,,,,,,,,,,,,,2,0,1,H - 3,,1,,,350,,0,,,,,,,,,,,,,,,2,残りわずか,16,ローラー
76,546,0,23,,50本,,,マイクログランデ7ミリスモール6”,1,,,,,,,,毛丈7ミリ6インチ,H-1.jpg,耐久性を追及した高密度マイクロファイバーの特徴であるきめ細かさ・低飛散性に加え、毛のボリューム感を持たせることで耐久性も兼ね備えた、内装・外装へ幅広くご使用頂けるローラーです。　　　　　　　　　　7ミリ:非常にきめ細かく扉などの塗装に最適　　　　　　　　　　　　　　　　　　　　　　　　　　13ミリ:内装作業に最適　　　　　　　　　　　　18・25ミリ:含みが多く、吹付けタイル・サイディングなどの外装面に最適,H-1.jpg,H-1.jpg,型番,6S-MG7,,,,,,,,,,,,,,,,,,,2,0,1,H - 4,,1,,,16500,,0,,,,,,,,,,,,,,,2,残りわずか,16,ローラー
77,556,0,22,,1本,,,マイクログランデ13ミリスモール4”,1,,,,,,,,毛丈13ミリ4インチ,H-5.jpg,耐久性を追及した高密度マイクロファイバーの特徴であるきめ細かさ・低飛散性に加え、毛のボリューム感を持たせることで耐久性も兼ね備えた、内装・外装へ幅広くご使用頂けるローラーです。　　　　　　　　　　7ミリ:非常にきめ細かく扉などの塗装に最適　　　　　　　　　　　　　　　　　　　　　　　　　　13ミリ:内装作業に最適　　　　　　　　　　　　18・25ミリ:含みが多く、吹付けタイル・サイディングなどの外装面に最適,H-5.jpg,H-5.jpg,型番,4S-MG13,,,,,,,,,,,,,,,,,,,2,0,1,H - 5,,1,,,320,,0,,,,,,,,,,,,,,,2,残りわずか,16,ローラー
77,555,0,23,,50本,,,マイクログランデ13ミリスモール4”,1,,,,,,,,毛丈13ミリ4インチ,H-5.jpg,耐久性を追及した高密度マイクロファイバーの特徴であるきめ細かさ・低飛散性に加え、毛のボリューム感を持たせることで耐久性も兼ね備えた、内装・外装へ幅広くご使用頂けるローラーです。　　　　　　　　　　7ミリ:非常にきめ細かく扉などの塗装に最適　　　　　　　　　　　　　　　　　　　　　　　　　　13ミリ:内装作業に最適　　　　　　　　　　　　18・25ミリ:含みが多く、吹付けタイル・サイディングなどの外装面に最適,H-5.jpg,H-5.jpg,型番,4S-MG13,,,,,,,,,,,,,,,,,,,2,0,1,H - 6,,1,,,15000,,0,,,,,,,,,,,,,,,2,残りわずか,16,ローラー
78,565,0,22,,1本,,,マイクログランデ13ミリスモール6”,1,,,,,,,,毛丈13ミリ6インチ,H-5.jpg,耐久性を追及した高密度マイクロファイバーの特徴であるきめ細かさ・低飛散性に加え、毛のボリューム感を持たせることで耐久性も兼ね備えた、内装・外装へ幅広くご使用頂けるローラーです。　　　　　　　　　　7ミリ:非常にきめ細かく扉などの塗装に最適　　　　　　　　　　　　　　　　　　　　　　　　　　13ミリ:内装作業に最適　　　　　　　　　　　　18・25ミリ:含みが多く、吹付けタイル・サイディングなどの外装面に最適,H-5.jpg,H-5.jpg,型番,6S-MG13,,,,,,,,,,,,,,,,,,,2,0,1,H - 7,,1,,,350,,0,,,,,,,,,,,,,,,2,残りわずか,16,ローラー
78,564,0,23,,50本,,,マイクログランデ13ミリスモール6”,1,,,,,,,,毛丈13ミリ6インチ,H-5.jpg,耐久性を追及した高密度マイクロファイバーの特徴であるきめ細かさ・低飛散性に加え、毛のボリューム感を持たせることで耐久性も兼ね備えた、内装・外装へ幅広くご使用頂けるローラーです。　　　　　　　　　　7ミリ:非常にきめ細かく扉などの塗装に最適　　　　　　　　　　　　　　　　　　　　　　　　　　13ミリ:内装作業に最適　　　　　　　　　　　　18・25ミリ:含みが多く、吹付けタイル・サイディングなどの外装面に最適,H-5.jpg,H-5.jpg,型番,6S-MG13,,,,,,,,,,,,,,,,,,,2,0,1,H - 8,,1,,,16500,,0,,,,,,,,,,,,,,,2,残りわずか,16,ローラー
79,574,0,22,,1本,,,マイクログランデ18ミリスモール4”,1,,,,,,,,毛丈18ミリ4インチ,H-9.jpg,耐久性を追及した高密度マイクロファイバーの特徴であるきめ細かさ・低飛散性に加え、毛のボリューム感を持たせることで耐久性も兼ね備えた、内装・外装へ幅広くご使用頂けるローラーです。　　　　　　　　　　7ミリ:非常にきめ細かく扉などの塗装に最適　　　　　　　　　　　　　　　　　　　　　　　　　　13ミリ:内装作業に最適　　　　　　　　　　　　18・29ミリ:含みが多く、吹付けタイル・サイディングなどの外装面に最適,H-9.jpg,H-9.jpg,型番,4S-MG18,,,,,,,,,,,,,,,,,,,2,0,1,H - 9,,1,,,370,,0,,,,,,,,,,,,,,,2,残りわずか,16,ローラー
79,573,0,23,,50本,,,マイクログランデ18ミリスモール4”,1,,,,,,,,毛丈18ミリ4インチ,H-9.jpg,耐久性を追及した高密度マイクロファイバーの特徴であるきめ細かさ・低飛散性に加え、毛のボリューム感を持たせることで耐久性も兼ね備えた、内装・外装へ幅広くご使用頂けるローラーです。　　　　　　　　　　7ミリ:非常にきめ細かく扉などの塗装に最適　　　　　　　　　　　　　　　　　　　　　　　　　　13ミリ:内装作業に最適　　　　　　　　　　　　18・29ミリ:含みが多く、吹付けタイル・サイディングなどの外装面に最適,H-9.jpg,H-9.jpg,型番,4S-MG18,,,,,,,,,,,,,,,,,,,2,0,1,H - 10,,1,,,17500,,0,,,,,,,,,,,,,,,2,残りわずか,16,ローラー
80,583,0,22,,1本,,,マイクログランデ18ミリスモール6”,1,,,,,,,,毛丈18ミリ6インチ,H-9.jpg,耐久性を追及した高密度マイクロファイバーの特徴であるきめ細かさ・低飛散性に加え、毛のボリューム感を持たせることで耐久性も兼ね備えた、内装・外装へ幅広くご使用頂けるローラーです。　　　　　　　　　　7ミリ:非常にきめ細かく扉などの塗装に最適　　　　　　　　　　　　　　　　　　　　　　　　　　13ミリ:内装作業に最適　　　　　　　　　　　　18・29ミリ:含みが多く、吹付けタイル・サイディングなどの外装面に最適,H-9.jpg,H-9.jpg,型番,6S-MG18,,,,,,,,,,,,,,,,,,,2,0,1,H - 11,,1,,,400,,0,,,,,,,,,,,,,,,2,残りわずか,16,ローラー
80,582,0,23,,50本,,,マイクログランデ18ミリスモール6”,1,,,,,,,,毛丈18ミリ6インチ,H-9.jpg,耐久性を追及した高密度マイクロファイバーの特徴であるきめ細かさ・低飛散性に加え、毛のボリューム感を持たせることで耐久性も兼ね備えた、内装・外装へ幅広くご使用頂けるローラーです。　　　　　　　　　　7ミリ:非常にきめ細かく扉などの塗装に最適　　　　　　　　　　　　　　　　　　　　　　　　　　13ミリ:内装作業に最適　　　　　　　　　　　　18・29ミリ:含みが多く、吹付けタイル・サイディングなどの外装面に最適,H-9.jpg,H-9.jpg,型番,6S-MG18,,,,,,,,,,,,,,,,,,,2,0,1,H - 12,,1,,,19000,,0,,,,,,,,,,,,,,,2,残りわずか,16,ローラー
81,592,0,22,,1本,,,マイクログランデ25ミリスモール4”,1,,,,,,,,毛丈25ミリ4インチ,H-13.jpg,耐久性を追及した高密度マイクロファイバーの特徴であるきめ細かさ・低飛散性に加え、毛のボリューム感を持たせることで耐久性も兼ね備えた、内装・外装へ幅広くご使用頂けるローラーです。　　　　　　　　　　7ミリ:非常にきめ細かく扉などの塗装に最適　　　　　　　　　　　　　　　　　　　　　　　　　　13ミリ:内装作業に最適　　　　　　　　　　　　18・31ミリ:含みが多く、吹付けタイル・サイディングなどの外装面に最適,H-13.jpg,H-13.jpg,型番,4S-MG25,,,,,,,,,,,,,,,,,,,2,0,1,H - 13,,1,,,370,,0,,,,,,,,,,,,,,,2,残りわずか,16,ローラー
81,591,0,23,,50本,,,マイクログランデ25ミリスモール4”,1,,,,,,,,毛丈25ミリ4インチ,H-13.jpg,耐久性を追及した高密度マイクロファイバーの特徴であるきめ細かさ・低飛散性に加え、毛のボリューム感を持たせることで耐久性も兼ね備えた、内装・外装へ幅広くご使用頂けるローラーです。　　　　　　　　　　7ミリ:非常にきめ細かく扉などの塗装に最適　　　　　　　　　　　　　　　　　　　　　　　　　　13ミリ:内装作業に最適　　　　　　　　　　　　18・31ミリ:含みが多く、吹付けタイル・サイディングなどの外装面に最適,H-13.jpg,H-13.jpg,型番,4S-MG25,,,,,,,,,,,,,,,,,,,2,0,1,H - 14,,1,,,17500,,0,,,,,,,,,,,,,,,2,残りわずか,16,ローラー
82,601,0,22,,1本,,,マイクログランデ25ミリスモール6”,1,,,,,,,,毛丈25ミリ6インチ,H-13.jpg,耐久性を追及した高密度マイクロファイバーの特徴であるきめ細かさ・低飛散性に加え、毛のボリューム感を持たせることで耐久性も兼ね備えた、内装・外装へ幅広くご使用頂けるローラーです。　　　　　　　　　　7ミリ:非常にきめ細かく扉などの塗装に最適　　　　　　　　　　　　　　　　　　　　　　　　　　13ミリ:内装作業に最適　　　　　　　　　　　　18・31ミリ:含みが多く、吹付けタイル・サイディングなどの外装面に最適,H-13.jpg,H-13.jpg,型番,6S-MG25,,,,,,,,,,,,,,,,,,,2,0,1,H - 15,,1,,,400,,0,,,,,,,,,,,,,,,2,残りわずか,16,ローラー
82,600,0,23,,50本,,,マイクログランデ25ミリスモール6”,1,,,,,,,,毛丈25ミリ6インチ,H-13.jpg,耐久性を追及した高密度マイクロファイバーの特徴であるきめ細かさ・低飛散性に加え、毛のボリューム感を持たせることで耐久性も兼ね備えた、内装・外装へ幅広くご使用頂けるローラーです。　　　　　　　　　　7ミリ:非常にきめ細かく扉などの塗装に最適　　　　　　　　　　　　　　　　　　　　　　　　　　13ミリ:内装作業に最適　　　　　　　　　　　　18・31ミリ:含みが多く、吹付けタイル・サイディングなどの外装面に最適,H-13.jpg,H-13.jpg,型番,6S-MG25,,,,,,,,,,,,,,,,,,,2,0,1,H - 17,,1,,,19000,,0,,,,,,,,,,,,,,,2,残りわずか,16,ローラー
83,611,0,21,,10本,,,スモール15ミリ　6SLF15,1,,,,,,,,毛丈15ミリ6インチ,,耐久性に優れてる。普及商品です,,,型番,6SLF15,,,,,,,,,,,,,,,,,,,2,0,1,H - 17,,1,,,185,,0,,,,,,,,,,,,,,,2,残りわずか,16,ローラー
83,609,0,23,,50本,,,スモール15ミリ　6SLF15,1,,,,,,,,毛丈15ミリ6インチ,,耐久性に優れてる。普及商品です,,,型番,6SLF15,,,,,,,,,,,,,,,,,,,2,0,1,H - 18,,1,,,180,,0,,,,,,,,,,,,,,,2,残りわずか,16,ローラー
84,627,0,21,,10本,,,スモール20ミリ　6SLF20,1,,,,,,,,毛丈20ミリ6インチ,,耐久性に優れてる。普及商品です,,,型番,6SLF20,,,,,,,,,,,,,,,,,,,2,0,1,H - 19,,1,,,185,,0,,,,,,,,,,,,,,,2,残りわずか,16,ローラー
84,625,0,23,,50本,,,スモール20ミリ　6SLF20,1,,,,,,,,毛丈20ミリ6インチ,,耐久性に優れてる。普及商品です,,,型番,6SLF20,,,,,,,,,,,,,,,,,,,2,0,1,H - 20,,1,,,180,,0,,,,,,,,,,,,,,,2,残りわずか,16,ローラー
85,635,0,22,,1本,,,無泡ローラー　12ミリ　S-4,1,,,,,,,,毛丈12ミリ4インチ,H-21.jpg,泡の少ない特殊加工に、毛抜けを抑える不脱毛加工を施した、作業性にも優れる、ベストセラー商品です。,H-21.jpg,H-21.jpg,型番,HM4S-EB,,,,,,,,,,,,,,,,,,,2,0,1,H - 21,,1,,,290,,0,,,,,,,,,,,,,,,2,残りわずか,16,ローラー
85,634,0,23,,50本,,,無泡ローラー　12ミリ　S-4,1,,,,,,,,毛丈12ミリ4インチ,H-21.jpg,泡の少ない特殊加工に、毛抜けを抑える不脱毛加工を施した、作業性にも優れる、ベストセラー商品です。,H-21.jpg,H-21.jpg,型番,HM4S-EB,,,,,,,,,,,,,,,,,,,2,0,1,H - 22,,1,,,13200,,0,,,,,,,,,,,,,,,2,残りわずか,16,ローラー
86,644,0,22,,1本,,,無泡ローラー　12ミリ　S-6,1,,,,,,,,毛丈12ミリ6インチ,H-21.jpg,泡の少ない特殊加工に、毛抜けを抑える不脱毛加工を施した、作業性にも優れる、ベストセラー商品です。,H-21.jpg,H-21.jpg,型番,HM6S-EB,,,,,,,,,,,,,,,,,,,2,0,1,H - 23,,1,,,300,,0,,,,,,,,,,,,,,,2,残りわずか,16,ローラー
86,643,0,23,,50本,,,無泡ローラー　12ミリ　S-6,1,,,,,,,,毛丈12ミリ6インチ,H-21.jpg,泡の少ない特殊加工に、毛抜けを抑える不脱毛加工を施した、作業性にも優れる、ベストセラー商品です。,H-21.jpg,H-21.jpg,型番,HM6S-EB,,,,,,,,,,,,,,,,,,,2,0,1,H - 24,,1,,,14000,,0,,,,,,,,,,,,,,,2,残りわずか,16,ローラー
87,653,0,22,,1本,,,無泡ローラー　12ミリ　ミドル7,1,,,,,,,,毛丈12ミリ7インチ,H-21.jpg,泡の少ない特殊加工に、毛抜けを抑える不脱毛加工を施した、作業性にも優れる、ベストセラー商品です。,H-21.jpg,H-21.jpg,型番,HM7M-EB,,,,,,,,,,,,,,,,,,,2,0,1,H - 25,,1,,,480,,0,,,,,,,,,,,,,,,2,残りわずか,16,ローラー
87,648,0,27,,20本,,,無泡ローラー　12ミリ　ミドル7,1,,,,,,,,毛丈12ミリ7インチ,H-21.jpg,泡の少ない特殊加工に、毛抜けを抑える不脱毛加工を施した、作業性にも優れる、ベストセラー商品です。,H-21.jpg,H-21.jpg,型番,HM7M-EB,,,,,,,,,,,,,,,,,,,2,0,1,H - 26,,1,,,8900,,0,,,,,,,,,,,,,,,2,残りわずか,16,ローラー
88,662,0,22,,1本,,,ツイストスモール13ミリ　4”,1,,,,,,,,毛丈13ミリ4インチ,H-27.jpg,"マイクロファイバー繊維で塗料の馴染みが速く、塗料の飛散が少なく、作業性も抜群。●TWA25nn・TWR18mm・TWR13mm外壁の凹凸に追従しやすく、塗料の伸びがよいため作業性に優れる。各種吹き付け餓外壁の上塗り、サイディングの塗装に最適。●TW10・10mm・TWC7mm仕上がり肌のきめの細かい平すべり面向け、内装での作業に最適。",H-27.jpg,H-27.jpg,型番,4S-TWB,,,,,,,,,,,,,,,,,,,2,0,1,H - 27,,1,,,230,,0,,,,,,,,,,,,,,,2,残りわずか,16,ローラー
88,661,0,23,,50本,,,ツイストスモール13ミリ　4”,1,,,,,,,,毛丈13ミリ4インチ,H-27.jpg,"マイクロファイバー繊維で塗料の馴染みが速く、塗料の飛散が少なく、作業性も抜群。●TWA25nn・TWR18mm・TWR13mm外壁の凹凸に追従しやすく、塗料の伸びがよいため作業性に優れる。各種吹き付け餓外壁の上塗り、サイディングの塗装に最適。●TW10・10mm・TWC7mm仕上がり肌のきめの細かい平すべり面向け、内装での作業に最適。",H-27.jpg,H-27.jpg,型番,4S-TWB,,,,,,,,,,,,,,,,,,,2,0,1,H - 28,,1,,,10800,,0,,,,,,,,,,,,,,,2,残りわずか,16,ローラー
89,671,0,22,,1本,,,ツイストスモール13ミリ　6”,1,,,,,,,,毛丈13ミリ6インチ,H-27.jpg,"マイクロファイバー繊維で塗料の馴染みが速く、塗料の飛散が少なく、作業性も抜群。●TWA25nn・TWR18mm・TWR13mm外壁の凹凸に追従しやすく、塗料の伸びがよいため作業性に優れる。各種吹き付け餓外壁の上塗り、サイディングの塗装に最適。●TW10・10mm・TWC8mm仕上がり肌のきめの細かい平すべり面向け、内装での作業に最適。",H-27.jpg,H-27.jpg,型番,6S-TWB,,,,,,,,,,,,,,,,,,,2,0,1,H - 29,,1,,,230,,0,,,,,,,,,,,,,,,2,残りわずか,16,ローラー
89,670,0,23,,50本,,,ツイストスモール13ミリ　6”,1,,,,,,,,毛丈13ミリ6インチ,H-27.jpg,"マイクロファイバー繊維で塗料の馴染みが速く、塗料の飛散が少なく、作業性も抜群。●TWA25nn・TWR18mm・TWR13mm外壁の凹凸に追従しやすく、塗料の伸びがよいため作業性に優れる。各種吹き付け餓外壁の上塗り、サイディングの塗装に最適。●TW10・10mm・TWC8mm仕上がり肌のきめの細かい平すべり面向け、内装での作業に最適。",H-27.jpg,H-27.jpg,型番,6S-TWB,,,,,,,,,,,,,,,,,,,2,0,1,H - 30,,1,,,10800,,0,,,,,,,,,,,,,,,2,残りわずか,16,ローラー
90,680,0,22,,1本,,,ツイストスモール18ミリ　4”,1,,,,,,,,毛丈18ミリ4インチ,H-31.jpg,"マイクロファイバー繊維で塗料の馴染みが速く、塗料の飛散が少なく、作業性も抜群。●TWA25nn・TWR18mm・TWR13mm外壁の凹凸に追従しやすく、塗料の伸びがよいため作業性に優れる。各種吹き付け餓外壁の上塗り、サイディングの塗装に最適。●TW10・10mm・TWC9mm仕上がり肌のきめの細かい平すべり面向け、内装での作業に最適。",H-31.jpg,H-31.jpg,型番,4S-TWR,,,,,,,,,,,,,,,,,,,2,0,1,H - 31,,1,,,230,,0,,,,,,,,,,,,,,,2,残りわずか,16,ローラー
90,679,0,23,,50本,,,ツイストスモール18ミリ　4”,1,,,,,,,,毛丈18ミリ4インチ,H-31.jpg,"マイクロファイバー繊維で塗料の馴染みが速く、塗料の飛散が少なく、作業性も抜群。●TWA25nn・TWR18mm・TWR13mm外壁の凹凸に追従しやすく、塗料の伸びがよいため作業性に優れる。各種吹き付け餓外壁の上塗り、サイディングの塗装に最適。●TW10・10mm・TWC9mm仕上がり肌のきめの細かい平すべり面向け、内装での作業に最適。",H-31.jpg,H-31.jpg,型番,4S-TWR,,,,,,,,,,,,,,,,,,,2,0,1,H - 32,,1,,,10800,,0,,,,,,,,,,,,,,,2,残りわずか,16,ローラー
91,689,0,22,,1本,,,ツイストスモール18ミリ　6”,1,,,,,,,,毛丈18ミリ6インチ,H-31.jpg,"マイクロファイバー繊維で塗料の馴染みが速く、塗料の飛散が少なく、作業性も抜群。●TWA25nn・TWR18mm・TWR13mm外壁の凹凸に追従しやすく、塗料の伸びがよいため作業性に優れる。各種吹き付け餓外壁の上塗り、サイディングの塗装に最適。●TW10・10mm・TWC9mm仕上がり肌のきめの細かい平すべり面向け、内装での作業に最適。",H-31.jpg,H-31.jpg,型番,6S-TWR,,,,,,,,,,,,,,,,,,,2,0,1,H - 33,,1,,,230,,0,,,,,,,,,,,,,,,2,残りわずか,16,ローラー
91,688,0,23,,50本,,,ツイストスモール18ミリ　6”,1,,,,,,,,毛丈18ミリ6インチ,H-35.jpg,"マイクロファイバー繊維で塗料の馴染みが速く、塗料の飛散が少なく、作業性も抜群。●TWA25nn・TWR18mm・TWR13mm外壁の凹凸に追従しやすく、塗料の伸びがよいため作業性に優れる。各種吹き付け餓外壁の上塗り、サイディングの塗装に最適。●TW10・10mm・TWC9mm仕上がり肌のきめの細かい平すべり面向け、内装での作業に最適。",H-35.jpg,H-35.jpg,型番,6S-TWR,,,,,,,,,,,,,,,,,,,2,0,1,H - 34,,1,,,10800,,0,,,,,,,,,,,,,,,2,残りわずか,16,ローラー
92,705,0,22,,1本,,,ツイストスモール25ミリ　4”,1,,,,,,,,毛丈25ミリ4インチ,H-35.jpg,"マイクロファイバー繊維で塗料の馴染みが速く、塗料の飛散が少なく、作業性も抜群。●TWA25nn・TWR18mm・TWR13mm外壁の凹凸に追従しやすく、塗料の伸びがよいため作業性に優れる。各種吹き付け餓外壁の上塗り、サイディングの塗装に最適。●TW10・10mm・TWC9mm仕上がり肌のきめの細かい平すべり面向け、内装での作業に最適。",H-35.jpg,H-35.jpg,型番,4S-TWA,,,,,,,,,,,,,,,,,,,2,0,1,H - 35,,1,,,320,,0,,,,,,,,,,,,,,,2,残りわずか,16,ローラー
92,704,0,23,,50本,,,ツイストスモール25ミリ　4”,1,,,,,,,,毛丈25ミリ4インチ,H-35.jpg,"マイクロファイバー繊維で塗料の馴染みが速く、塗料の飛散が少なく、作業性も抜群。●TWA25nn・TWR18mm・TWR13mm外壁の凹凸に追従しやすく、塗料の伸びがよいため作業性に優れる。各種吹き付け餓外壁の上塗り、サイディングの塗装に最適。●TW10・10mm・TWC9mm仕上がり肌のきめの細かい平すべり面向け、内装での作業に最適。",H-35.jpg,H-35.jpg,型番,4S-TWA,,,,,,,,,,,,,,,,,,,2,0,1,H - 36,,1,,,15000,,0,,,,,,,,,,,,,,,2,残りわずか,16,ローラー
93,714,0,22,,1本,,,ツイストスモール25ミリ　6”,1,,,,,,,,毛丈25ミリ6インチ,H-35.jpg,"マイクロファイバー繊維で塗料の馴染みが速く、塗料の飛散が少なく、作業性も抜群。●TWA25nn・TWR18mm・TWR13mm外壁の凹凸に追従しやすく、塗料の伸びがよいため作業性に優れる。各種吹き付け餓外壁の上塗り、サイディングの塗装に最適。●TW10・10mm・TWC9mm仕上がり肌のきめの細かい平すべり面向け、内装での作業に最適。",H-35.jpg,H-35.jpg,型番,6S-TWA,,,,,,,,,,,,,,,,,,,2,0,1,H - 37,,1,,,320,,0,,,,,,,,,,,,,,,2,残りわずか,16,ローラー
93,713,0,23,,50本,,,ツイストスモール25ミリ　6”,1,,,,,,,,毛丈25ミリ6インチ,H-35.jpg,"マイクロファイバー繊維で塗料の馴染みが速く、塗料の飛散が少なく、作業性も抜群。●TWA25nn・TWR18mm・TWR13mm外壁の凹凸に追従しやすく、塗料の伸びがよいため作業性に優れる。各種吹き付け餓外壁の上塗り、サイディングの塗装に最適。●TW10・10mm・TWC9mm仕上がり肌のきめの細かい平すべり面向け、内装での作業に最適。",H-35.jpg,H-35.jpg,型番,6S-TWA,,,,,,,,,,,,,,,,,,,2,0,1,H - 38,,1,,,15000,,0,,,,,,,,,,,,,,,2,残りわずか,16,ローラー
94,723,0,22,,1本,,,ツイストミドル13ミリ　7”,1,,,,,,,,毛丈13ミリ7インチ,,"マイクロファイバー繊維で塗料の馴染みが速く、塗料の飛散が少なく、作業性も抜群。●TWA25nn・TWR18mm・TWR13mm外壁の凹凸に追従しやすく、塗料の伸びがよいため作業性に優れる。各種吹き付け餓外壁の上塗り、サイディングの塗装に最適。●TW10・10mm・TWC13mm仕上がり肌のきめの細かい平すべり面向け、内装での作業に最適。",,,型番,7M-TWB,,,,,,,,,,,,,,,,,,,2,0,1,H - 39,,1,,,425,,0,,,,,,,,,,,,,,,2,残りわずか,16,ローラー
94,718,0,27,,20本,,,ツイストミドル13ミリ　7”,1,,,,,,,,毛丈13ミリ7インチ,,"マイクロファイバー繊維で塗料の馴染みが速く、塗料の飛散が少なく、作業性も抜群。●TWA25nn・TWR18mm・TWR13mm外壁の凹凸に追従しやすく、塗料の伸びがよいため作業性に優れる。各種吹き付け餓外壁の上塗り、サイディングの塗装に最適。●TW10・10mm・TWC13mm仕上がり肌のきめの細かい平すべり面向け、内装での作業に最適。",,,型番,7M-TWB,,,,,,,,,,,,,,,,,,,2,0,1,H - 40,,1,,,8160,,0,,,,,,,,,,,,,,,2,残りわずか,16,ローラー
95,732,0,22,,1本,,,ツイストミドル18ミリ　7”,1,,,,,,,,毛丈18ミリ7インチ,,"マイクロファイバー繊維で塗料の馴染みが速く、塗料の飛散が少なく、作業性も抜群。●TWA25nn・TWR18mm・TWR13mm外壁の凹凸に追従しやすく、塗料の伸びがよいため作業性に優れる。各種吹き付け餓外壁の上塗り、サイディングの塗装に最適。●TW10・10mm・TWC14mm仕上がり肌のきめの細かい平すべり面向け、内装での作業に最適。",,,型番,7M-TWR,,,,,,,,,,,,,,,,,,,2,0,1,H - 41,,1,,,425,,0,,,,,,,,,,,,,,,2,残りわずか,16,ローラー
95,727,0,27,,20本,,,ツイストミドル18ミリ　7”,1,,,,,,,,毛丈18ミリ7インチ,,"マイクロファイバー繊維で塗料の馴染みが速く、塗料の飛散が少なく、作業性も抜群。●TWA25nn・TWR18mm・TWR13mm外壁の凹凸に追従しやすく、塗料の伸びがよいため作業性に優れる。各種吹き付け餓外壁の上塗り、サイディングの塗装に最適。●TW10・10mm・TWC14mm仕上がり肌のきめの細かい平すべり面向け、内装での作業に最適。",,,型番,7M-TWR,,,,,,,,,,,,,,,,,,,2,0,1,H - 42,,1,,,8160,,0,,,,,,,,,,,,,,,2,残りわずか,16,ローラー
96,741,0,22,,1本,,,ツイストミドル25ミリ　7”,1,,,,,,,,毛丈25ミリ7インチ,,"マイクロファイバー繊維で塗料の馴染みが速く、塗料の飛散が少なく、作業性も抜群。●TWA25nn・TWR18mm・TWR13mm外壁の凹凸に追従しやすく、塗料の伸びがよいため作業性に優れる。各種吹き付け餓外壁の上塗り、サイディングの塗装に最適。●TW10・10mm・TWC15mm仕上がり肌のきめの細かい平すべり面向け、内装での作業に最適。",,,型番,7M-TWA,,,,,,,,,,,,,,,,,,,2,0,1,H - 43,,1,,,500,,0,,,,,,,,,,,,,,,2,残りわずか,16,ローラー
96,736,0,27,,20本,,,ツイストミドル25ミリ　7”,1,,,,,,,,毛丈25ミリ7インチ,,"マイクロファイバー繊維で塗料の馴染みが速く、塗料の飛散が少なく、作業性も抜群。●TWA25nn・TWR18mm・TWR13mm外壁の凹凸に追従しやすく、塗料の伸びがよいため作業性に優れる。各種吹き付け餓外壁の上塗り、サイディングの塗装に最適。●TW10・10mm・TWC15mm仕上がり肌のきめの細かい平すべり面向け、内装での作業に最適。",,,型番,7M-TWA,,,,,,,,,,,,,,,,,,,2,0,1,H - 44,,1,,,9600,,0,,,,,,,,,,,,,,,2,残りわずか,16,ローラー
97,750,0,22,,1本,,,ピーチ外装用　スモール4”　14ミリ,1,,,,,,,,毛丈14ミリ4インチ,,ナイロン繊維を混毛、抜群の耐久性を誇る外装用のローラーです。塗料の含み・吐き出し性能が大幅に向上し、模様面の塗り替えで安定した膜厚を確保出来ます。　　　　　各種シーラー・フィーラーにも相性抜群です。,,,型番,4S-PH14,,,,,,,,,,,,,,,,,,,2,0,1,H - 45,,1,,,210,,0,,,,,,,,,,,,,,,2,残りわずか,16,ローラー
97,749,0,23,,50本,,,ピーチ外装用　スモール4”　14ミリ,1,,,,,,,,毛丈14ミリ4インチ,,ナイロン繊維を混毛、抜群の耐久性を誇る外装用のローラーです。塗料の含み・吐き出し性能が大幅に向上し、模様面の塗り替えで安定した膜厚を確保出来ます。　　　　　各種シーラー・フィーラーにも相性抜群です。,,,型番,4S-PH14,,,,,,,,,,,,,,,,,,,2,0,1,H - 46,,1,,,9750,,0,,,,,,,,,,,,,,,2,残りわずか,16,ローラー
98,759,0,22,,1本,,,ピーチ外装用　スモール6”　14ミリ,1,,,,,,,,毛丈14ミリ6インチ,,ナイロン繊維を混毛、抜群の耐久性を誇る外装用のローラーです。塗料の含み・吐き出し性能が大幅に向上し、模様面の塗り替えで安定した膜厚を確保出来ます。　　　　　各種シーラー・フィーラーにも相性抜群です。,,,型番,6S-PH14,,,,,,,,,,,,,,,,,,,2,0,1,H - 47,,1,,,210,,0,,,,,,,,,,,,,,,2,残りわずか,16,ローラー
98,758,0,23,,50本,,,ピーチ外装用　スモール6”　14ミリ,1,,,,,,,,毛丈14ミリ6インチ,,ナイロン繊維を混毛、抜群の耐久性を誇る外装用のローラーです。塗料の含み・吐き出し性能が大幅に向上し、模様面の塗り替えで安定した膜厚を確保出来ます。　　　　　各種シーラー・フィーラーにも相性抜群です。,,,型番,6S-PH14,,,,,,,,,,,,,,,,,,,2,0,1,H - 48,,1,,,9750,,0,,,,,,,,,,,,,,,2,残りわずか,16,ローラー
99,768,0,22,,1本,,,ピーチ外装用　スモール4”　20ミリ,1,,,,,,,,毛丈20ミリ4インチ,,ナイロン繊維を混毛、抜群の耐久性を誇る外装用のローラーです。塗料の含み・吐き出し性能が大幅に向上し、模様面の塗り替えで安定した膜厚を確保出来ます。　　　　　各種シーラー・フィーラーにも相性抜群です。,,,型番,4S-PH20,,,,,,,,,,,,,,,,,,,2,0,1,H - 49,,1,,,210,,0,,,,,,,,,,,,,,,2,残りわずか,16,ローラー
99,767,0,23,,50本,,,ピーチ外装用　スモール4”　20ミリ,1,,,,,,,,毛丈20ミリ4インチ,,ナイロン繊維を混毛、抜群の耐久性を誇る外装用のローラーです。塗料の含み・吐き出し性能が大幅に向上し、模様面の塗り替えで安定した膜厚を確保出来ます。　　　　　各種シーラー・フィーラーにも相性抜群です。,,,型番,4S-PH20,,,,,,,,,,,,,,,,,,,2,0,1,H - 50,,1,,,9750,,0,,,,,,,,,,,,,,,2,残りわずか,16,ローラー
100,777,0,22,,1本,,,ピーチ外装用　スモール6”　20ミリ,1,,,,,,,,毛丈20ミリ6インチ,,ナイロン繊維を混毛、抜群の耐久性を誇る外装用のローラーです。塗料の含み・吐き出し性能が大幅に向上し、模様面の塗り替えで安定した膜厚を確保出来ます。　　　　　各種シーラー・フィーラーにも相性抜群です。,,,型番,6S-PH20,,,,,,,,,,,,,,,,,,,2,0,1,H - 51,,1,,,210,,0,,,,,,,,,,,,,,,2,残りわずか,16,ローラー
100,776,0,23,,50本,,,ピーチ外装用　スモール6”　20ミリ,1,,,,,,,,毛丈20ミリ6インチ,,ナイロン繊維を混毛、抜群の耐久性を誇る外装用のローラーです。塗料の含み・吐き出し性能が大幅に向上し、模様面の塗り替えで安定した膜厚を確保出来ます。　　　　　各種シーラー・フィーラーにも相性抜群です。,,,型番,6S-PH20,,,,,,,,,,,,,,,,,,,2,0,1,H - 52,,1,,,9750,,0,,,,,,,,,,,,,,,2,残りわずか,16,ローラー
101,786,0,22,,1本,,,ピーチ外装用　スモール4”　25ミリ,1,,,,,,,,毛丈25ミリ4インチ,,ナイロン繊維を混毛、抜群の耐久性を誇る外装用のローラーです。塗料の含み・吐き出し性能が大幅に向上し、模様面の塗り替えで安定した膜厚を確保出来ます。　　　　　各種シーラー・フィーラーにも相性抜群です。,,,型番,4S-PH25,,,,,,,,,,,,,,,,,,,2,0,1,H - 53,,1,,,210,,0,,,,,,,,,,,,,,,2,残りわずか,16,ローラー
101,785,0,23,,50本,,,ピーチ外装用　スモール4”　25ミリ,1,,,,,,,,毛丈25ミリ4インチ,,ナイロン繊維を混毛、抜群の耐久性を誇る外装用のローラーです。塗料の含み・吐き出し性能が大幅に向上し、模様面の塗り替えで安定した膜厚を確保出来ます。　　　　　各種シーラー・フィーラーにも相性抜群です。,,,型番,4S-PH25,,,,,,,,,,,,,,,,,,,2,0,1,H - 54,,1,,,7500,,0,,,,,,,,,,,,,,,2,残りわずか,16,ローラー
102,802,0,22,,1本,,,ピーチ外装用　スモール6”　25ミリ,1,,,,,,,,毛丈25ミリ6インチ,,ナイロン繊維を混毛、抜群の耐久性を誇る外装用のローラーです。塗料の含み・吐き出し性能が大幅に向上し、模様面の塗り替えで安定した膜厚を確保出来ます。　　　　　各種シーラー・フィーラーにも相性抜群です。,,,型番,6S-PH25,,,,,,,,,,,,,,,,,,,2,0,1,H - 55,,1,,,210,,0,,,,,,,,,,,,,,,2,残りわずか,16,ローラー
102,801,0,23,,50本,,,ピーチ外装用　スモール6”　25ミリ,1,,,,,,,,毛丈25ミリ6インチ,,ナイロン繊維を混毛、抜群の耐久性を誇る外装用のローラーです。塗料の含み・吐き出し性能が大幅に向上し、模様面の塗り替えで安定した膜厚を確保出来ます。　　　　　各種シーラー・フィーラーにも相性抜群です。,,,型番,6S-PH25,,,,,,,,,,,,,,,,,,,2,0,1,H - 56,,1,,,9750,,0,,,,,,,,,,,,,,,2,残りわずか,16,ローラー
39,458,0,22,,1本,,,"ノンスリップポリシート　OKグリーン0.03×1800×100",1,,,,,,,,グリーン,,滑り止め加工を施したポリシート,,,,,,,,,,,,,,,,,,,,,,,2,0,1,D - 9,,1,,,2400,,0,,,,,,,,,,,,,,,2,残りわずか,13,ポリシート・ブルーシート関連
39,452,0,32,,5本,,,"ノンスリップポリシート　OKグリーン0.03×1800×100",1,,,,,,,,グリーン,,滑り止め加工を施したポリシート,,,,,,,,,,,,,,,,,,,,,,,2,0,1,D - 10,,1,,,1950,,0,,,,,,,,,,,,,,,2,残りわずか,13,ポリシート・ブルーシート関連
40,216,0,0,,,,,"ブルーシートロール軽量タイプ900×100M",1,,,,,,,,ブルー,D-11.jpg,詳細なし,D-11.jpg,D-11.jpg,,,,,,,,,,,,,,,,,,,,,2,0,1,D - 11,,1,,,2400,,0,,,,,,,,,,,,,,,2,残りわずか,13,ポリシート・ブルーシート関連
42,218,0,0,,,,,富士トンボFDCディスク　5”　#14,1,,,,,,,,サイズ/125,E-1.jpg,耐熱ファイバーを基材として使用したハードタイプ。耐久性に優れています。,E-1.jpg,E-1.jpg,,,,,,,,,,,,,,,,,,,,,2,0,1,E - 1,,1,,,1150,,0,,,,,,,,,,,,,,,2,残りわずか,18,ケレン関連商品
43,219,0,0,,,,,富士トンボFDCディスク　5”　#16,1,,,,,,,,サイズ/125,E-1.jpg,耐熱ファイバーを基材として使用したハードタイプ。耐久性に優れています。,E-1.jpg,E-1.jpg,,,,,,,,,,,,,,,,,,,,,2,0,1,E - 2,,1,,,1050,,0,,,,,,,,,,,,,,,2,残りわずか,18,ケレン関連商品
44,220,0,0,,,,,富士トンボFDCディスク　5”　#24,1,,,,,,,,サイズ/125,E-1.jpg,耐熱ファイバーを基材として使用したハードタイプ。耐久性に優れています。,E-1.jpg,E-1.jpg,,,,,,,,,,,,,,,,,,,,,2,0,1,E - 3,,1,,,980,,0,,,,,,,,,,,,,,,2,残りわずか,18,ケレン関連商品
45,221,0,0,,,,,富士トンボFDCディスク　5”　#30,1,,,,,,,,サイズ/125,E-1.jpg,耐熱ファイバーを基材として使用したハードタイプ。耐久性に優れています。,E-1.jpg,E-1.jpg,,,,,,,,,,,,,,,,,,,,,2,0,1,E - 4,,1,,,950,,0,,,,,,,,,,,,,,,2,残りわずか,18,ケレン関連商品
46,222,0,0,,,,,富士トンボFDCディスク　5”　#36,1,,,,,,,,サイズ/125,E-1.jpg,耐熱ファイバーを基材として使用したハードタイプ。耐久性に優れています。,E-1.jpg,E-1.jpg,,,,,,,,,,,,,,,,,,,,,2,0,1,E - 5,,1,,,950,,0,,,,,,,,,,,,,,,2,残りわずか,18,ケレン関連商品
47,223,0,0,,,,,富士トンボFDCディスク　4”　#14,1,,,,,,,,サイズ/125,E-1.jpg,耐熱ファイバーを基材として使用したハードタイプ。耐久性に優れています。,E-1.jpg,E-1.jpg,,,,,,,,,,,,,,,,,,,,,2,0,1,E - 6,,1,,,860,,0,,,,,,,,,,,,,,,2,残りわずか,18,ケレン関連商品
48,224,0,0,,,,,富士トンボFDCディスク　4”　#16,1,,,,,,,,サイズ/125,E-1.jpg,耐熱ファイバーを基材として使用したハードタイプ。耐久性に優れています。,E-1.jpg,E-1.jpg,,,,,,,,,,,,,,,,,,,,,2,0,1,E - 7,,1,,,810,,0,,,,,,,,,,,,,,,2,残りわずか,18,ケレン関連商品
49,225,0,0,,,,,富士トンボFDCディスク　4”　#24,1,,,,,,,,サイズ/125,E-1.jpg,耐熱ファイバーを基材として使用したハードタイプ。耐久性に優れています。,E-1.jpg,E-1.jpg,,,,,,,,,,,,,,,,,,,,,2,0,1,E - 8,,1,,,780,,0,,,,,,,,,,,,,,,2,残りわずか,18,ケレン関連商品
50,226,0,0,,,,,富士トンボFDCディスク　4”　#30,1,,,,,,,,サイズ/125,E-1.jpg,耐熱ファイバーを基材として使用したハードタイプ。耐久性に優れています。,E-1.jpg,E-1.jpg,,,,,,,,,,,,,,,,,,,,,2,0,1,E - 9,,1,,,780,,0,,,,,,,,,,,,,,,2,残りわずか,18,ケレン関連商品
51,227,0,0,,,,,富士トンボFDCディスク　4”　#36,1,,,,,,,,サイズ/125,E-1.jpg,耐熱ファイバーを基材として使用したハードタイプ。耐久性に優れています。,E-1.jpg,E-1.jpg,,,,,,,,,,,,,,,,,,,,,2,0,1,E - 10,,1,,,780,,0,,,,,,,,,,,,,,,2,残りわずか,18,ケレン関連商品
52,464,0,35,,#60,,,スーパーマジックオレンジ　100×160,1,,,,,,,,100ミリ×160ミリ,E-11.jpg,"高耐水性・高耐油性、砂落ち軽減、型崩れしにくく、抜群の作業性で頑固なサビ・塗膜・水あか・コケを落とします。鮮やかなオレンジ色で薄くらい場所でも視認性抜群です。",E-11.jpg,E-11.jpg,,,,,,,,,,,,,,,,,,,,,2,0,1,E - 11,,1,,,2560,,0,,,,,,,,,,,,,,,2,残りわずか,18,ケレン関連商品
52,463,0,36,,#80,,,スーパーマジックオレンジ　100×160,1,,,,,,,,100ミリ×160ミリ,E-11.jpg,"高耐水性・高耐油性、砂落ち軽減、型崩れしにくく、抜群の作業性で頑固なサビ・塗膜・水あか・コケを落とします。鮮やかなオレンジ色で薄くらい場所でも視認性抜群です。",E-11.jpg,E-11.jpg,,,,,,,,,,,,,,,,,,,,,2,0,1,E - 12,,1,,,2560,,0,,,,,,,,,,,,,,,2,残りわずか,18,ケレン関連商品
52,462,0,37,,#120,,,スーパーマジックオレンジ　100×160,1,,,,,,,,100ミリ×160ミリ,E-11.jpg,"高耐水性・高耐油性、砂落ち軽減、型崩れしにくく、抜群の作業性で頑固なサビ・塗膜・水あか・コケを落とします。鮮やかなオレンジ色で薄くらい場所でも視認性抜群です。",E-11.jpg,E-11.jpg,,,,,,,,,,,,,,,,,,,,,2,0,1,E - 13,,1,,,2560,,0,,,,,,,,,,,,,,,2,残りわずか,18,ケレン関連商品
53,467,0,35,,#60,,,スーパーマジックオレンジ　150×250,1,,,,,,,,150ミリ×250ミリ,E-11.jpg,"高耐水性・高耐油性、砂落ち軽減、型崩れしにくく、抜群の作業性で頑固なサビ・塗膜・水あか・コケを落とします。鮮やかなオレンジ色で薄くらい場所でも視認性抜群です。",E-11.jpg,E-11.jpg,,,,,,,,,,,,,,,,,,,,,2,0,1,E - 14,,1,,,4270,,0,,,,,,,,,,,,,,,2,残りわずか,18,ケレン関連商品
53,466,0,36,,#80,,,スーパーマジックオレンジ　150×250,1,,,,,,,,150ミリ×250ミリ,E-11.jpg,"高耐水性・高耐油性、砂落ち軽減、型崩れしにくく、抜群の作業性で頑固なサビ・塗膜・水あか・コケを落とします。鮮やかなオレンジ色で薄くらい場所でも視認性抜群です。",E-11.jpg,E-11.jpg,,,,,,,,,,,,,,,,,,,,,2,0,1,E - 14,,1,,,4270,,0,,,,,,,,,,,,,,,2,残りわずか,18,ケレン関連商品
53,465,0,37,,#120,,,スーパーマジックオレンジ　150×250,1,,,,,,,,150ミリ×250ミリ,E-11.jpg,"高耐水性・高耐油性、砂落ち軽減、型崩れしにくく、抜群の作業性で頑固なサビ・塗膜・水あか・コケを落とします。鮮やかなオレンジ色で薄くらい場所でも視認性抜群です。",E-11.jpg,E-11.jpg,,,,,,,,,,,,,,,,,,,,,2,0,1,E - 14,,1,,,4270,,0,,,,,,,,,,,,,,,2,残りわずか,18,ケレン関連商品
54,476,0,21,,10本,,,スーパーコークチューブ(アクリル)NB,1,,,,,,,,500g,F-1.jpg,アクリル系、ノンブリードタイプ,F-1.jpg,F-1.jpg,型式,チューブ,,,,,,,,,,,,,,,,,,,2,0,1,F-2,,1,,,3150,,0,,,,,,,,,,,,,,,2,残りわずか,14,シーリング関連商品
54,475,0,22,,1本,,,スーパーコークチューブ(アクリル)NB,1,,,,,,,,500g,F-1.jpg,アクリル系、ノンブリードタイプ,F-1.jpg,F-1.jpg,型式,チューブ,,,,,,,,,,,,,,,,,,,2,0,1,F-1,,1,,,360,,0,,,,,,,,,,,,,,,2,残りわずか,14,シーリング関連商品
55,485,0,21,,10本,,,スーパーコークカート(アクリル)NB,1,,,,,,,,330ml,F-2.jpg,アクリル系、ノンブリードタイプ,F-2.jpg,F-2.jpg,型式,カートリッジ,,,,,,,,,,,,,,,,,,,2,0,1,F-4,,1,,,6750,,0,,,,,,,,,,,,,,,2,残りわずか,14,シーリング関連商品
55,484,0,22,,1本,,,スーパーコークカート(アクリル)NB,1,,,,,,,,330ml,F-2.jpg,アクリル系、ノンブリードタイプ,F-2.jpg,F-2.jpg,型式,カートリッジ,,,,,,,,,,,,,,,,,,,2,0,1,F-3,,1,,,540,,0,,,,,,,,,,,,,,,2,残りわずか,14,シーリング関連商品
56,494,0,21,,10本,,,外壁専科チューブ(水性ウレタン),1,,,,,,,,500g,F-5.jpg,水性ウレタン。ノンブリードタイプ,F-5.jpg,F-5.jpg,型式,チューブ,,,,,,,,,,,,,,,,,,,2,0,1,F - 6,,1,,,5500,,0,,,,,,,,,,,,,,,2,残りわずか,14,シーリング関連商品
56,493,0,22,,1本,,,外壁専科チューブ(水性ウレタン),1,,,,,,,,500g,F-5.jpg,水性ウレタン。ノンブリードタイプ,F-5.jpg,F-5.jpg,型式,チューブ,,,,,,,,,,,,,,,,,,,2,0,1,F - 5,,1,,,650,,0,,,,,,,,,,,,,,,2,残りわずか,14,シーリング関連商品
57,503,0,21,,10本,,,外壁専科カート(水性ウレタン),1,,,,,,,,330ml,F-7.jpg,水性ウレタン。ノンブリードタイプ,F-7.jpg,F-7.jpg,型式,カートリッジ,,,,,,,,,,,,,,,,,,,2,0,1,F - 8,,1,,,5600,,0,,,,,,,,,,,,,,,2,残りわずか,14,シーリング関連商品
57,502,0,22,,1本,,,外壁専科カート(水性ウレタン),1,,,,,,,,330ml,F-7.jpg,水性ウレタン。ノンブリードタイプ,F-7.jpg,F-7.jpg,型式,カートリッジ,,,,,,,,,,,,,,,,,,,2,0,1,F - 7,,1,,,700,,0,,,,,,,,,,,,,,,2,残りわずか,14,シーリング関連商品
58,512,0,21,,10本,,,コニシボンドコークNBチューブ,1,,,,,,,,500g,,ALC板の目地・モルタル等のひび割れ補修、ノンブリードタイプで、ベタツキ無し,,,,,,,,,,,,,,,,,,,,,,,2,0,1,F - 9,,1,,,5000,,0,,,,,,,,,,,,,,,2,残りわずか,14,シーリング関連商品
58,511,0,22,,1本,,,コニシボンドコークNBチューブ,1,,,,,,,,500g,,ALC板の目地・モルタル等のひび割れ補修、ノンブリードタイプで、ベタツキ無し,,,,,,,,,,,,,,,,,,,,,,,2,0,1,F - 9,,1,,,520,,0,,,,,,,,,,,,,,,2,残りわずか,14,シーリング関連商品
59,235,0,0,,,,,タスペーサー02(500個)黒,1,,,,,,,,黒,F-9.jpg,平板スレート屋根再塗装時の必需品、緑切り作業に使用します。,F-9.jpg,F-9.jpg,,,,,,,,,,,,,,,,,,,,,2,0,1,F - 11,,1,,,6500,,0,,,,,,,,,,,,,,,2,残りわずか,14,シーリング関連商品
60,236,0,0,,,,,タスペーサー02(500個)黒,1,,,,,,,,黒,F-9.jpg,平板スレート屋根再塗装時の必需品、緑切り作業に使用します。,F-9.jpg,F-9.jpg,,,,,,,,,,,,,,,,,,,,,2,0,1,F - 12,,1,,,6000,,0,,,,,,,,,,,,,,,2,残りわずか,14,シーリング関連商品
61,237,0,0,,,,,タスペーサー02(500個)黒,1,,,,,,,,黒,F-9.jpg,平板スレート屋根再塗装時の必需品、緑切り作業に使用します。,F-9.jpg,F-9.jpg,,,,,,,,,,,,,,,,,,,,,2,0,1,F - 13,,1,,,5800,,0,,,,,,,,,,,,,,,2,残りわずか,14,シーリング関連商品
62,238,0,0,,,,,ミドル・スモール兼用ハンドル　長柄,1,,,,,,,,コメントなし,G-1.jpg,コメントなし,G-1.jpg,G-1.jpg,,,,,,,,,,,,,,,,,,,,,2,0,1,G - 1,,1,,,140,,0,,,,,,,,,,,,,,,2,残りわずか,15,ローラー用具・用品
63,239,0,0,,,,,ミドル・スモール兼用ハンドル　短柄,1,,,,,,,,コメントなし,G-2.jpg,コメントなし,G-2.jpg,G-2.jpg,,,,,,,,,,,,,,,,,,,,,2,0,1,G - 2,,1,,,140,,0,,,,,,,,,,,,,,,2,残りわずか,15,ローラー用具・用品
64,240,0,0,,,,,ミニハンドル　長柄4”,1,,,,,,,,4インチ用,G-3.jpg,適度なしなりで作業性抜群のミニローラー専用ハンドルです。,G-3.jpg,G-3.jpg,,,,,,,,,,,,,,,,,,,,,2,0,1,G - 3,,1,,,135,,0,,,,,,,,,,,,,,,2,残りわずか,15,ローラー用具・用品
65,241,0,0,,,,,ミニハンドル　長柄4”,1,,,,,,,,4インチ用,G-4.jpg,適度なしなりで作業性抜群のミニローラー専用ハンドルです。,G-4.jpg,G-4.jpg,,,,,,,,,,,,,,,,,,,,,2,0,1,G - 4,,1,,,135,,0,,,,,,,,,,,,,,,2,残りわずか,15,ローラー用具・用品
66,242,0,0,,,,,ミニハンドル長柄2・3兼用,1,,,,,,,,2・3インチ用,G-5.jpg,適度なしなりで作業性抜群のミニローラー専用ハンドルです。,G-5.jpg,G-5.jpg,,,,,,,,,,,,,,,,,,,,,2,0,1,G - 5,,1,,,135,,0,,,,,,,,,,,,,,,2,残りわずか,15,ローラー用具・用品
67,243,0,0,,,,,ミニハンドル長柄2・3兼用,1,,,,,,,,2・3インチ用,G-6.jpg,適度なしなりで作業性抜群のミニローラー専用ハンドルです。,G-6.jpg,G-6.jpg,,,,,,,,,,,,,,,,,,,,,2,0,1,G - 6,,1,,,135,,0,,,,,,,,,,,,,,,2,残りわずか,15,ローラー用具・用品
68,244,0,0,,,,,段付プレス缶,1,,,,,,,,2.4L,G-7.jpg,コメントなし,G-7.jpg,G-7.jpg,,,,,,,,,,,,,,,,,,,,,2,0,1,G - 7,,1,,,240,,0,,,,,,,,,,,,,,,2,残りわずか,15,ローラー用具・用品
69,245,0,0,,,,,ポリ缶　3L,1,,,,,,,,3L,G-8.jpg,コメントなし,G-8.jpg,G-8.jpg,,,,,,,,,,,,,,,,,,,,,2,0,1,G - 8,,1,,,200,,0,,,,,,,,,,,,,,,2,残りわずか,15,ローラー用具・用品
14,331,0,29,,1箱,,,カモイ　カブキS 12ミリ×18m,1,,,,,,,,カラー/黄色,,"【車輪・建築用】強い粘着力、軽い巻き戻し、糊残りなしと、三拍子揃ったテープです。車輪塗装はもちろん、建築塗装用としても安心してご使用いただけます。●耐熱温度:100℃/30min",A-11.jpg,A-11.jpg,型式,カブキS,,,,,,,,,,,,,,,,,,,2,0,1,A - 12,,1,,,3120,,0,,,,,,,,,,,,,,,1,NEW,9,マスキングテープ・シーリングテープ
14,332,0,33,,1包,,,カモイ　カブキS 12ミリ×18m,1,,,,,,,,カラー/黄色,A-11.jpg,"【車輪・建築用】強い粘着力、軽い巻き戻し、糊残りなしと、三拍子揃ったテープです。車輪塗装はもちろん、建築塗装用としても安心してご使用いただけます。●耐熱温度:100℃/30min",A-11.jpg,A-11.jpg,型式,カブキS,,,,,,,,,,,,,,,,,,,2,0,1,A - 11,,1,,,350,,0,,,,,,,,,,,,,,,1,NEW,9,マスキングテープ・シーリングテープ
15,338,0,29,,1箱,,,カモイ　カブキS 15ミリ×18m,1,,,,,,,,カラー/黄色,A-11.jpg,"【車輪・建築用】強い粘着力、軽い巻き戻し、糊残りなしと、三拍子揃ったテープです。車輪塗装はもちろん、建築塗装用としても安心してご使用いただけます。●耐熱温度:100℃/30min",A-11.jpg,A-11.jpg,型式,カブキS,,,,,,,,,,,,,,,,,,,2,0,1,A - 14,,1,,,3120,,0,,,,,,,,,,,,,,,1,NEW,9,マスキングテープ・シーリングテープ
15,335,0,33,,1包,,,カモイ　カブキS 15ミリ×18m,1,,,,,,,,カラー/黄色,A-11.jpg,"【車輪・建築用】強い粘着力、軽い巻き戻し、糊残りなしと、三拍子揃ったテープです。車輪塗装はもちろん、建築塗装用としても安心してご使用いただけます。●耐熱温度:100℃/30min",A-11.jpg,A-11.jpg,型式,カブキS,,,,,,,,,,,,,,,,,,,2,0,1,A - 13,,1,,,350,,0,,,,,,,,,,,,,,,1,NEW,9,マスキングテープ・シーリングテープ
16,344,0,29,,1箱,,,カモイ　カブキS 18ミリ×18m,1,,,,,,,,カラー/黄色,A-11.jpg,"【車輪・建築用】強い粘着力、軽い巻き戻し、糊残りなしと、三拍子揃ったテープです。車輪塗装はもちろん、建築塗装用としても安心してご使用いただけます。●耐熱温度:100℃/30min",A-11.jpg,A-11.jpg,型式,カブキS,,,,,,,,,,,,,,,,,,,2,0,1,A - 16,,1,,,3270,,0,,,,,,,,,,,,,,,1,NEW,9,マスキングテープ・シーリングテープ
16,341,0,33,,1包,,,カモイ　カブキS 18ミリ×18m,1,,,,,,,,カラー/黄色,A-11.jpg,"【車輪・建築用】強い粘着力、軽い巻き戻し、糊残りなしと、三拍子揃ったテープです。車輪塗装はもちろん、建築塗装用としても安心してご使用いただけます。●耐熱温度:100℃/30min",A-11.jpg,A-11.jpg,型式,カブキS,,,,,,,,,,,,,,,,,,,2,0,1,A - 15,,1,,,380,,0,,,,,,,,,,,,,,,1,NEW,9,マスキングテープ・シーリングテープ
17,348,0,29,,1箱,,,カモイ　カブキS 20ミリ×18m,1,,,,,,,,カラー/黄色,A-11.jpg,"【車輪・建築用】強い粘着力、軽い巻き戻し、糊残りなしと、三拍子揃ったテープです。車輪塗装はもちろん、建築塗装用としても安心してご使用いただけます。●耐熱温度:100℃/30min",A-11.jpg,A-11.jpg,型式,カブキS,,,,,,,,,,,,,,,,,,,2,0,1,A - 18,,1,,,3120,,0,,,,,,,,,,,,,,,1,NEW,9,マスキングテープ・シーリングテープ
17,345,0,33,,1包,,,カモイ　カブキS 20ミリ×18m,1,,,,,,,,カラー/黄色,A-11.jpg,"【車輪・建築用】強い粘着力、軽い巻き戻し、糊残りなしと、三拍子揃ったテープです。車輪塗装はもちろん、建築塗装用としても安心してご使用いただけます。●耐熱温度:100℃/30min",A-11.jpg,A-11.jpg,型式,カブキS,,,,,,,,,,,,,,,,,,,2,0,1,A - 17,,1,,,350,,0,,,,,,,,,,,,,,,1,NEW,9,マスキングテープ・シーリングテープ
18,352,0,29,,1箱,,,カモイ　カブキS 24ミリ×18m,1,,,,,,,,カラー/黄色,A-11.jpg,"【車輪・建築用】強い粘着力、軽い巻き戻し、糊残りなしと、三拍子揃ったテープです。車輪塗装はもちろん、建築塗装用としても安心してご使用いただけます。●耐熱温度:100℃/30min",A-11.jpg,A-11.jpg,型式,カブキS,,,,,,,,,,,,,,,,,,,2,0,1,A - 20,,1,,,3120,,0,,,,,,,,,,,,,,,1,NEW,9,マスキングテープ・シーリングテープ
18,349,0,33,,1包,,,カモイ　カブキS 24ミリ×18m,1,,,,,,,,カラー/黄色,A-11.jpg,"【車輪・建築用】強い粘着力、軽い巻き戻し、糊残りなしと、三拍子揃ったテープです。車輪塗装はもちろん、建築塗装用としても安心してご使用いただけます。●耐熱温度:100℃/30min",A-11.jpg,A-11.jpg,型式,カブキS,,,,,,,,,,,,,,,,,,,2,0,1,A - 19,,1,,,350,,0,,,,,,,,,,,,,,,1,NEW,9,マスキングテープ・シーリングテープ
19,356,0,29,,1箱,,,カモイ　3303-HG 18ミリ×18m,1,,,,,,,,カラー/ブルー,A-21.jpg,低温時でも付きが良く、紙切れもしにくい。コーナー折返しでも、テープが浮きません。シーリング躯体用のテープです,A-21.jpg,A-21.jpg,型式,3303HG,,,,,,,,,,,,,,,,,,,2,0,1,A - 22,,1,,,3780,,0,,,,,,,,,,,,,,,1,NEW,9,マスキングテープ・シーリングテープ
19,353,0,33,,1包,,,カモイ　3303-HG 18ミリ×18m,1,,,,,,,,カラー/ブルー,A-21.jpg,低温時でも付きが良く、紙切れもしにくい。コーナー折返しでも、テープが浮きません。シーリング躯体用のテープです,A-21.jpg,A-21.jpg,型式,3303HG,,,,,,,,,,,,,,,,,,,2,0,1,A - 21,,1,,,420,,0,,,,,,,,,,,,,,,1,NEW,9,マスキングテープ・シーリングテープ
20,360,0,29,,1箱,,,カモイ　3303-HG 21ミリ×18m,1,,,,,,,,カラー/ブルー,A-21.jpg,低温時でも付きが良く、紙切れもしにくい。コーナー折返しでも、テープが浮きません。シーリング躯体用のテープです,A-21.jpg,A-21.jpg,型式,3304HG,,,,,,,,,,,,,,,,,,,2,0,1,A - 24,,1,,,3780,,0,,,,,,,,,,,,,,,1,NEW,9,マスキングテープ・シーリングテープ
20,357,0,33,,1包,,,カモイ　3303-HG 21ミリ×18m,1,,,,,,,,カラー/ブルー,A-21.jpg,低温時でも付きが良く、紙切れもしにくい。コーナー折返しでも、テープが浮きません。シーリング躯体用のテープです,A-21.jpg,A-21.jpg,型式,3304HG,,,,,,,,,,,,,,,,,,,2,0,1,A - 23,,1,,,420,,0,,,,,,,,,,,,,,,1,NEW,9,マスキングテープ・シーリングテープ
21,366,0,29,,1箱,,,カモイ　3303-HG 24ミリ×18m,1,,,,,,,,カラー/ブルー,A-21.jpg,低温時でも付きが良く、紙切れもしにくい。コーナー折返しでも、テープが浮きません。シーリング躯体用のテープです,A-21.jpg,A-21.jpg,型式,3305HG,,,,,,,,,,,,,,,,,,,2,0,1,A - 26,,1,,,3600,,0,,,,,,,,,,,,,,,1,NEW,9,マスキングテープ・シーリングテープ
21,363,0,33,,1包,,,カモイ　3303-HG 24ミリ×18m,1,,,,,,,,カラー/ブルー,A-21.jpg,低温時でも付きが良く、紙切れもしにくい。コーナー折返しでも、テープが浮きません。シーリング躯体用のテープです,A-21.jpg,A-21.jpg,型式,3305HG,,,,,,,,,,,,,,,,,,,2,0,1,A - 25,,1,,,390,,0,,,,,,,,,,,,,,,1,NEW,9,マスキングテープ・シーリングテープ
23,374,0,29,,1箱,,,布ミニコロナグリーン550四段無地 550ミリ×25m,1,,,,,,,,カラー/布グリーン,,ポリフィルムの表面にコロナ放電加工を施したコロナマスカー。付着した塗膜が飛び散って塗面や周囲を汚したりする心配がなく、後始末も容易です。,,,,,,,,,,,,,,,,,,,,,,,2,0,1,B - 1,,1,,,7200,,0,,,,,,,,,,,,,,,2,残りわずか,11,建築用養生マスカー
23,373,0,30,,3箱,,,布ミニコロナグリーン550四段無地 550ミリ×25m,1,,,,,,,,カラー/布グリーン,,ポリフィルムの表面にコロナ放電加工を施したコロナマスカー。付着した塗膜が飛び散って塗面や周囲を汚したりする心配がなく、後始末も容易です。,,,,,,,,,,,,,,,,,,,,,,,2,0,1,B - 2,,1,,,6900,,0,,,,,,,,,,,,,,,2,残りわずか,11,建築用養生マスカー
23,380,0,31,,5箱,,,布ミニコロナグリーン550四段無地 550ミリ×25m,1,,,,,,,,カラー/布グリーン,,ポリフィルムの表面にコロナ放電加工を施したコロナマスカー。付着した塗膜が飛び散って塗面や周囲を汚したりする心配がなく、後始末も容易です。,,,,,,,,,,,,,,,,,,,,,,,2,0,1,B - 3,,1,,,6700,,0,,,,,,,,,,,,,,,2,残りわずか,11,建築用養生マスカー
24,378,0,29,,1箱,,,布ミニコロナピンク300四段無地 300ミリ×25m,1,,,,,,,,カラー/布ピンク,,ポリフィルムの表面にコロナ放電加工を施したコロナマスカー。付着した塗膜が飛び散って塗面や周囲を汚したりする心配がなく、後始末も容易です。,,,,,,,,,,,,,,,,,,,,,,,2,0,1,B - 4,,1,,,7900,,0,,,,,,,,,,,,,,,2,残りわずか,11,建築用養生マスカー
24,377,0,30,,3箱,,,布ミニコロナピンク300四段無地 300ミリ×25m,1,,,,,,,,カラー/布ピンク,,ポリフィルムの表面にコロナ放電加工を施したコロナマスカー。付着した塗膜が飛び散って塗面や周囲を汚したりする心配がなく、後始末も容易です。,,,,,,,,,,,,,,,,,,,,,,,2,0,1,B - 5,,1,,,7600,,0,,,,,,,,,,,,,,,2,残りわずか,11,建築用養生マスカー
24,376,0,31,,5箱,,,布ミニコロナピンク300四段無地 300ミリ×25m,1,,,,,,,,カラー/布ピンク,,ポリフィルムの表面にコロナ放電加工を施したコロナマスカー。付着した塗膜が飛び散って塗面や周囲を汚したりする心配がなく、後始末も容易です。,,,,,,,,,,,,,,,,,,,,,,,2,0,1,B - 6,,1,,,6950,,0,,,,,,,,,,,,,,,2,残りわずか,11,建築用養生マスカー
25,384,0,29,,1箱,,,布ミニコロナ茶1100四段無地 1100ミリ×25m,1,,,,,,,,カラー/布茶色,,ポリフィルムの表面にコロナ放電加工を施したコロナマスカー。付着した塗膜が飛び散って塗面や周囲を汚したりする心配がなく、後始末も容易です。,,,,,,,,,,,,,,,,,,,,,,,2,0,1,B - 7,,1,,,12800,,0,,,,,,,,,,,,,,,2,残りわずか,11,建築用養生マスカー
25,383,0,30,,3箱,,,布ミニコロナ茶1100四段無地 1100ミリ×25m,1,,,,,,,,カラー/布茶色,,ポリフィルムの表面にコロナ放電加工を施したコロナマスカー。付着した塗膜が飛び散って塗面や周囲を汚したりする心配がなく、後始末も容易です。,,,,,,,,,,,,,,,,,,,,,,,2,0,1,B - 8,,1,,,12100,,0,,,,,,,,,,,,,,,2,残りわずか,11,建築用養生マスカー
25,382,0,31,,5箱,,,布ミニコロナ茶1100四段無地 1100ミリ×25m,1,,,,,,,,カラー/布茶色,,ポリフィルムの表面にコロナ放電加工を施したコロナマスカー。付着した塗膜が飛び散って塗面や周囲を汚したりする心配がなく、後始末も容易です。,,,,,,,,,,,,,,,,,,,,,,,2,0,1,B - 9,,1,,,11200,,0,,,,,,,,,,,,,,,2,残りわずか,11,建築用養生マスカー
26,388,0,29,,1箱,,,ニチバン布テープNO103緑25ミリ 25ミリ×25m,1,,,,,,,,カラー/グリーン,B-10.jpg,さまざまな現場で使われている、汎用タイプ。手切れ性・直線性に優れている。,B-10.jpg,B-10.jpg,,,,,,,,,,,,,,,,,,,,,2,0,1,B - 10,,1,,,7300,,0,,,,,,,,,,,,,,,2,残りわずか,11,建築用養生マスカー
26,387,0,30,,3箱,,,ニチバン布テープNO103緑25ミリ 25ミリ×25m,1,,,,,,,,カラー/グリーン,B-10.jpg,さまざまな現場で使われている、汎用タイプ。手切れ性・直線性に優れている。,B-10.jpg,B-10.jpg,,,,,,,,,,,,,,,,,,,,,2,0,1,B - 11,,1,,,6800,,0,,,,,,,,,,,,,,,2,残りわずか,11,建築用養生マスカー
26,386,0,31,,5箱,,,ニチバン布テープNO103緑25ミリ 25ミリ×25m,1,,,,,,,,カラー/グリーン,B-10.jpg,さまざまな現場で使われている、汎用タイプ。手切れ性・直線性に優れている。,B-10.jpg,B-10.jpg,,,,,,,,,,,,,,,,,,,,,2,0,1,B - 12,,1,,,6300,,0,,,,,,,,,,,,,,,2,残りわずか,11,建築用養生マスカー
27,392,0,29,,1箱,,,ニチバン布テープNO103緑50ミリ  50ミリ×25m,1,,,,,,,,カラー/グリーン,B-10.jpg,さまざまな現場で使われている、汎用タイプ。手切れ性・直線性に優れている。,B-10.jpg,B-10.jpg,,,,,,,,,,,,,,,,,,,,,2,0,1,B - 13,,1,,,7300,,0,,,,,,,,,,,,,,,2,残りわずか,11,建築用養生マスカー
27,391,0,30,,3箱,,,ニチバン布テープNO103緑50ミリ  50ミリ×25m,1,,,,,,,,カラー/グリーン,B-10.jpg,さまざまな現場で使われている、汎用タイプ。手切れ性・直線性に優れている。,B-10.jpg,B-10.jpg,,,,,,,,,,,,,,,,,,,,,2,0,1,B - 14,,1,,,6600,,0,,,,,,,,,,,,,,,2,残りわずか,11,建築用養生マスカー
27,390,0,31,,5箱,,,ニチバン布テープNO103緑50ミリ  50ミリ×25m,1,,,,,,,,カラー/グリーン,B-10.jpg,さまざまな現場で使われている、汎用タイプ。手切れ性・直線性に優れている。,B-10.jpg,B-10.jpg,,,,,,,,,,,,,,,,,,,,,2,0,1,B - 15,,1,,,6300,,0,,,,,,,,,,,,,,,2,残りわずか,11,建築用養生マスカー
28,396,0,29,,1箱,,,ニチバン布テープNO108　茶　25ミリ 25ミリ×25m,1,,,,,,,,カラー/茶色,B-16.jpg,粗面へのくいつきの良い強粘着タイプ,B-16.jpg,B-16.jpg,,,,,,,,,,,,,,,,,,,,,2,0,1,B - 16,,1,,,8300,,0,,,,,,,,,,,,,,,2,残りわずか,11,建築用養生マスカー
28,395,0,30,,3箱,,,ニチバン布テープNO108　茶　25ミリ 25ミリ×25m,1,,,,,,,,カラー/茶色,B-17.jpg,粗面へのくいつきの良い強粘着タイプ,B-16.jpg,B-16.jpg,,,,,,,,,,,,,,,,,,,,,2,0,1,B - 17,,1,,,7900,,0,,,,,,,,,,,,,,,2,残りわずか,11,建築用養生マスカー
28,394,0,31,,5箱,,,ニチバン布テープNO108　茶　25ミリ 25ミリ×25m,1,,,,,,,,カラー/茶色,B-18.jpg,粗面へのくいつきの良い強粘着タイプ,B-16.jpg,B-16.jpg,,,,,,,,,,,,,,,,,,,,,2,0,1,B - 18,,1,,,7800,,0,,,,,,,,,,,,,,,2,残りわずか,11,建築用養生マスカー
29,401,0,29,,1箱,,,ニチバン布テープNO108　茶　50ミリ 50ミリ×25m,1,,,,,,,,カラー/茶色,B-19.jpg,粗面へのくいつきの良い強粘着タイプ,B-16.jpg,B-16.jpg,,,,,,,,,,,,,,,,,,,,,2,0,1,B - 19,,1,,,7900,,0,,,,,,,,,,,,,,,2,残りわずか,11,建築用養生マスカー
29,400,0,30,,3箱,,,ニチバン布テープNO108　茶　50ミリ 50ミリ×25m,1,,,,,,,,カラー/茶色,B-20.jpg,粗面へのくいつきの良い強粘着タイプ,B-16.jpg,B-16.jpg,,,,,,,,,,,,,,,,,,,,,2,0,1,B - 20,,1,,,7900,,0,,,,,,,,,,,,,,,2,残りわずか,11,建築用養生マスカー
29,399,0,31,,5箱,,,ニチバン布テープNO108　茶　50ミリ 50ミリ×25m,1,,,,,,,,カラー/茶色,B-21.jpg,粗面へのくいつきの良い強粘着タイプ,B-16.jpg,B-16.jpg,,,,,,,,,,,,,,,,,,,,,2,0,1,B - 21,,1,,,7800,,0,,,,,,,,,,,,,,,2,残りわずか,11,建築用養生マスカー
30,405,0,29,,1箱,,,G布22ノンスリップマスカー1100-25(20)  1100ミリ×25m,1,,,,,,,,カラー/グリーン,B-22.jpg,滑りやすい屋根や床の養生に効果的,B-22.jpg,B-22.jpg,,,,,,,,,,,,,,,,,,,,,2,0,1,B - 22,,1,,,15600,,0,,,,,,,,,,,,,,,2,残りわずか,11,建築用養生マスカー
30,404,0,30,,3箱,,,G布22ノンスリップマスカー1100-25(20)  1100ミリ×25m,1,,,,,,,,カラー/グリーン,B-22.jpg,滑りやすい屋根や床の養生に効果的,B-22.jpg,B-22.jpg,,,,,,,,,,,,,,,,,,,,,2,0,1,B - 23,,1,,,15400,,0,,,,,,,,,,,,,,,2,残りわずか,11,建築用養生マスカー
30,403,0,31,,5箱,,,G布22ノンスリップマスカー1100-25(20)  1100ミリ×25m,1,,,,,,,,カラー/グリーン,B-22.jpg,滑りやすい屋根や床の養生に効果的,B-22.jpg,B-22.jpg,,,,,,,,,,,,,,,,,,,,,2,0,1,B - 24,,1,,,15200,,0,,,,,,,,,,,,,,,2,残りわずか,11,建築用養生マスカー
31,413,0,22,,1本,,,コニシ　テーププライマーG-7700,1,,,,,,,,430ml,B-25.jpg,養生用テープの下地処理用プライマー、テープの密着性を向上させ、剥がれによるトラブルを解消します。,B-25.jpg,B-25.jpg,,,,,,,,,,,,,,,,,,,,,2,0,1,B - 25,,1,,,780,,0,,,,,,,,,,,,,,,2,残りわずか,11,建築用養生マスカー
31,406,0,34,, 30本,,,コニシ　テーププライマーG-7700,1,,,,,,,,430ml,B-25.jpg,養生用テープの下地処理用プライマー、テープの密着性を向上させ、剥がれによるトラブルを解消します。,B-25.jpg,B-25.jpg,,,,,,,,,,,,,,,,,,,,,2,0,1,B - 26,,1,,,20400,,0,,,,,,,,,,,,,,,2,残りわずか,11,建築用養生マスカー
32,208,0,0,,,,,不織布カーカバー普通車用　青,1,,,,,,,,3.7×6.8,C-1.jpg,建築現場やその他の工事現場での養生作業。車を野外に保管するときなど、ワンタッチでカバーがぢ来ます。又、繰り返し使用出来ます。,C-1.jpg,C-1.jpg,,,,,,,,,,,,,,,,,,,,,2,0,1,C - 1,,1,,,1200,,0,,,,,,,,,,,,,,,2,残りわずか,12,建築現場養生カバー
35,422,0,22,,1本,,,"らくらくカット(両面コロナ)0.01×1800×200",1,,,,,,,,半透明,,ビルや戸建住宅の内外装などの大型養生に最適のポリシート。,,,,,,,,,,,,,,,,,,,,,,,2,0,1,D - 1,,1,,,1600,,0,,,,,,,,,,,,,,,2,残りわずか,13,ポリシート・ブルーシート関連
35,416,0,32,,5本,,,"らくらくカット(両面コロナ)0.01×1800×200",1,,,,,,,,半透明,,ビルや戸建住宅の内外装などの大型養生に最適のポリシート。,,,,,,,,,,,,,,,,,,,,,,,2,0,1,D - 2,,1,,,1300,,0,,,,,,,,,,,,,,,2,残りわずか,13,ポリシート・ブルーシート関連
36,431,0,22,,1本,,,"らくらくカット(片面コロナ)0.01×1800W×100",1,,,,,,,,半透明,,ビルや戸建住宅の内外装などの大型養生に最適のポリシート。,,,,,,,,,,,,,,,,,,,,,,,2,0,1,D - 3,,1,,,1800,,0,,,,,,,,,,,,,,,2,残りわずか,13,ポリシート・ブルーシート関連
36,425,0,32,,5本,,,"らくらくカット(片面コロナ)0.01×1800W×100",1,,,,,,,,半透明,,ビルや戸建住宅の内外装などの大型養生に最適のポリシート。,,,,,,,,,,,,,,,,,,,,,,,2,0,1,D - 4,,1,,,1500,,0,,,,,,,,,,,,,,,2,残りわずか,13,ポリシート・ブルーシート関連
37,440,0,22,,1本,,,ポリシート0.02×1800×100,1,,,,,,,,半透明,,ビルや戸建住宅の内外装などの大型養生に最適のポリシート。,,,,,,,,,,,,,,,,,,,,,,,2,0,1,D - 5,,1,,,1650,,0,,,,,,,,,,,,,,,2,残りわずか,13,ポリシート・ブルーシート関連
37,434,0,32,,5本,,,ポリシート0.02×1800×100,1,,,,,,,,半透明,,ビルや戸建住宅の内外装などの大型養生に最適のポリシート。,,,,,,,,,,,,,,,,,,,,,,,2,0,1,D - 6,,1,,,1500,,0,,,,,,,,,,,,,,,2,残りわずか,13,ポリシート・ブルーシート関連
38,449,0,22,,1本,,,ポリシート0.02×1800W×100,1,,,,,,,,半透明,,ビルや戸建住宅の内外装などの大型養生に最適のポリシート。,,,,,,,,,,,,,,,,,,,,,,,2,0,1,D - 7,,1,,,2950,,0,,,,,,,,,,,,,,,2,残りわずか,13,ポリシート・ブルーシート関連
38,445,0,26,,2本,,,ポリシート0.02×1800W×100,1,,,,,,,,半透明,,ビルや戸建住宅の内外装などの大型養生に最適のポリシート。,,,,,,,,,,,,,,,,,,,,,,,2,0,1,D - 8,,1,,,2800,,0,,,,,,,,,,,,,,,2,残りわずか,13,ポリシート・ブルーシート関連